id,source,target,scene,subtype,register,variant,priority,match_mode,notes,review_status,provenance
PHR-0002,早上好。,早晨。,basic,greeting,neutral_colloquial,hong_kong,100,exact_or_normalized,,draft_curated,curated_v0.1
PHR-0003,晚上好。,你好。,basic,greeting,neutral_colloquial,hong_kong,95,exact_or_normalized,,draft_curated,curated_v0.1
PHR-0004,再见。,拜拜。,basic,greeting,neutral_colloquial,hong_kong,100,exact_or_normalized,,draft_curated,curated_v0.1
PHR-0005,明天见。,聽日見。,basic,greeting,neutral_colloquial,hong_kong,100,exact_or_normalized,,draft_curated,curated_v0.1
PHR-0006,好久不见。,好耐冇見。,basic,greeting,neutral_colloquial,hong_kong,95,exact_or_normalized,,draft_curated,curated_v0.1
PHR-0007,最近怎么样？,近排點呀？,basic,greeting,neutral_colloquial,hong_kong,95,exact_or_normalized,,draft_curated,curated_v0.1
PHR-0008,我很好。,我幾好呀。,basic,greeting,neutral_colloquial,hong_kong,90,exact_or_normalized,,draft_curated,curated_v0.1
PHR-0009,谢谢。,唔該。,basic,thanks_for_service,neutral_colloquial,hong_kong,100,exact_or_normalized,,draft_curated,curated_v0.1
PHR-0010,非常感谢。,唔該晒。,basic,thanks_for_service,neutral_colloquial,hong_kong,100,exact_or_normalized,,draft_curated,curated_v0.1
PHR-0011,谢谢你的帮助。,多謝你幫手。,basic,thanks_for_gift_or_help,neutral_colloquial,hong_kong,100,exact_or_normalized,,draft_curated,curated_v0.1
PHR-0012,不用谢。,唔使客氣。,basic,response,neutral_colloquial,hong_kong,100,exact_or_normalized,,draft_curated,curated_v0.1
PHR-0013,不客气。,唔使客氣。,basic,response,neutral_colloquial,hong_kong,100,exact_or_normalized,,draft_curated,curated_v0.1
PHR-0014,对不起。,對唔住。,basic,apology,neutral_colloquial,hong_kong,100,exact_or_normalized,,draft_curated,curated_v0.1
PHR-0015,不好意思。,唔好意思。,basic,apology,neutral_colloquial,hong_kong,100,exact_or_normalized,,draft_curated,curated_v0.1
PHR-0016,没关系。,唔緊要。,basic,response,neutral_colloquial,hong_kong,100,exact_or_normalized,,draft_curated,curated_v0.1
PHR-0017,没问题。,冇問題。,basic,response,neutral_colloquial,hong_kong,100,exact_or_normalized,,draft_curated,curated_v0.1
PHR-0018,请稍等。,唔該等一等。,basic,request,neutral_colloquial,hong_kong,95,exact_or_normalized,,draft_curated,curated_v0.1
PHR-0019,请等一下。,唔該等陣。,basic,request,neutral_colloquial,hong_kong,100,exact_or_normalized,,draft_curated,curated_v0.1
PHR-0020,麻烦你了。,麻煩晒你。,basic,request,neutral_colloquial,hong_kong,95,exact_or_normalized,,draft_curated,curated_v0.1
PHR-0021,请帮帮我。,唔該幫下我。,basic,request,neutral_colloquial,hong_kong,100,exact_or_normalized,,draft_curated,curated_v0.1
PHR-0022,你能帮我吗？,你可唔可以幫我呀？,basic,request,neutral_colloquial,hong_kong,100,exact_or_normalized,,draft_curated,curated_v0.1
PHR-0023,我听不懂。,我聽唔明。,basic,language,neutral_colloquial,hong_kong,100,exact_or_normalized,,draft_curated,curated_v0.1
PHR-0024,我不明白。,我唔明。,basic,language,neutral_colloquial,hong_kong,100,exact_or_normalized,,draft_curated,curated_v0.1
PHR-0025,请再说一遍。,唔該再講多次。,basic,language,neutral_colloquial,hong_kong,100,exact_or_normalized,,draft_curated,curated_v0.1
PHR-0026,请说慢一点。,唔該講慢啲。,basic,language,neutral_colloquial,hong_kong,100,exact_or_normalized,,draft_curated,curated_v0.1
PHR-0027,请说清楚一点。,唔該講清楚啲。,basic,language,neutral_colloquial,hong_kong,95,exact_or_normalized,,draft_curated,curated_v0.1
PHR-0028,你会说普通话吗？,你識唔識講普通話呀？,basic,language,neutral_colloquial,hong_kong,100,exact_or_normalized,,draft_curated,curated_v0.1
PHR-0029,我只会说一点粤语。,我淨係識講少少廣東話。,basic,language,neutral_colloquial,hong_kong,95,exact_or_normalized,,draft_curated,curated_v0.1
PHR-0030,这是什么意思？,呢個係咩意思呀？,basic,language,neutral_colloquial,hong_kong,100,exact_or_normalized,,draft_curated,curated_v0.1
PHR-0031,这个怎么说？,呢個點講呀？,basic,language,neutral_colloquial,hong_kong,100,exact_or_normalized,,draft_curated,curated_v0.1
PHR-0032,你叫什么名字？,你叫咩名呀？,basic,social,neutral_colloquial,hong_kong,100,exact_or_normalized,,draft_curated,curated_v0.1
PHR-0034,很高兴认识你。,好高興識到你。,basic,social,neutral_colloquial,hong_kong,95,exact_or_normalized,,draft_curated,curated_v0.1
PHR-0035,你从哪里来？,你喺邊度嚟㗎？,basic,social,neutral_colloquial,hong_kong,95,exact_or_normalized,,draft_curated,curated_v0.1
PHR-0036,我是从新加坡来的。,我由新加坡嚟㗎。,basic,social,neutral_colloquial,hong_kong,90,exact_or_normalized,,draft_curated,curated_v0.1
PHR-0037,你住在哪里？,你住喺邊度呀？,basic,social,neutral_colloquial,hong_kong,95,exact_or_normalized,,draft_curated,curated_v0.1
PHR-0038,我住在附近。,我住喺附近。,basic,social,neutral_colloquial,hong_kong,95,exact_or_normalized,,draft_curated,curated_v0.1
PHR-0039,现在几点？,而家幾點呀？,basic,time,neutral_colloquial,hong_kong,100,exact_or_normalized,,draft_curated,curated_v0.1
PHR-0040,今天星期几？,今日星期幾呀？,basic,time,neutral_colloquial,hong_kong,100,exact_or_normalized,,draft_curated,curated_v0.1
PHR-0041,今天几号？,今日幾號呀？,basic,time,neutral_colloquial,hong_kong,100,exact_or_normalized,,draft_curated,curated_v0.1
PHR-0042,明天有空吗？,聽日得唔得閒呀？,basic,time,neutral_colloquial,hong_kong,100,exact_or_normalized,,draft_curated,curated_v0.1
PHR-0043,我今天没空。,我今日唔得閒。,basic,time,neutral_colloquial,hong_kong,100,exact_or_normalized,,draft_curated,curated_v0.1
PHR-0044,我晚一点到。,我晏啲到。,basic|social,time,neutral_colloquial,hong_kong,100,exact_or_normalized,,draft_curated,curated_v0.1
PHR-0045,我马上来。,我即刻嚟。,basic,time,neutral_colloquial,hong_kong,100,exact_or_normalized,,draft_curated,curated_v0.1
PHR-0046,我已经到了。,我已經到咗喇。,basic,time,neutral_colloquial,hong_kong,100,exact_or_normalized,,draft_curated,curated_v0.1
PHR-0047,我还没到。,我仲未到。,basic,time,neutral_colloquial,hong_kong,100,exact_or_normalized,,draft_curated,curated_v0.1
PHR-0048,我快到了。,我就快到喇。,basic,time,neutral_colloquial,hong_kong,100,exact_or_normalized,,draft_curated,curated_v0.1
PHR-0049,你在哪里？,你喺邊度呀？,basic,location,neutral_colloquial,hong_kong,100,exact_or_normalized,,draft_curated,curated_v0.1
PHR-0050,我在这里。,我喺呢度。,basic,location,neutral_colloquial,hong_kong,100,exact_or_normalized,,draft_curated,curated_v0.1
PHR-0051,他不在这里。,佢唔喺呢度。,basic,location,neutral_colloquial,hong_kong,100,exact_or_normalized,,draft_curated,curated_v0.1
PHR-0052,这是我的。,呢個係我嘅。,basic,ownership,neutral_colloquial,hong_kong,100,exact_or_normalized,,draft_curated,curated_v0.1
PHR-0053,那是谁的？,嗰個係邊個嘅？,basic,ownership,neutral_colloquial,hong_kong,95,exact_or_normalized,,draft_curated,curated_v0.1
PHR-0054,我不知道。,我唔知。,basic,knowledge,neutral_colloquial,hong_kong,100,exact_or_normalized,,draft_curated,curated_v0.1
PHR-0055,我知道了。,我知喇。,basic,knowledge,neutral_colloquial,hong_kong,100,exact_or_normalized,,draft_curated,curated_v0.1
PHR-0056,我忘记了。,我唔記得。,basic,knowledge,neutral_colloquial,hong_kong,95,exact_or_normalized,,draft_curated,curated_v0.1
PHR-0059,我觉得不行。,我覺得唔得。,basic,opinion,neutral_colloquial,hong_kong,95,exact_or_normalized,,draft_curated,curated_v0.1
PHR-0060,真的吗？,真㗎？,basic,reaction,neutral_colloquial,hong_kong,100,exact_or_normalized,,draft_curated,curated_v0.1
PHR-0061,当然。,梗係啦。,basic,reaction,neutral_colloquial,hong_kong,100,exact_or_normalized,,draft_curated,curated_v0.1
PHR-0062,可能吧。,可能係啦。,basic,reaction,neutral_colloquial,hong_kong,85,exact_or_normalized,,draft_curated,curated_v0.1
PHR-0064,我不同意。,我唔同意。,basic,opinion,neutral_colloquial,hong_kong,95,exact_or_normalized,,draft_curated,curated_v0.1
PHR-0065,我也是。,我都係。,basic,response,neutral_colloquial,hong_kong,100,exact_or_normalized,,draft_curated,curated_v0.1
PHR-0066,我不是。,我唔係。,basic,response,neutral_colloquial,hong_kong,100,exact_or_normalized,,draft_curated,curated_v0.1
PHR-0067,不是这样的。,唔係咁㗎。,basic,correction,neutral_colloquial,hong_kong,100,exact_or_normalized,,draft_curated,curated_v0.1
PHR-0068,你说得对。,你講得啱。,basic,opinion,neutral_colloquial,hong_kong,100,exact_or_normalized,,draft_curated,curated_v0.1
PHR-0069,你说错了。,你講錯咗。,basic,correction,neutral_colloquial,hong_kong,95,exact_or_normalized,,draft_curated,curated_v0.1
PHR-0070,别担心。,唔使擔心。,basic,comfort,neutral_colloquial,hong_kong,100,exact_or_normalized,,draft_curated,curated_v0.1
PHR-0071,小心一点。,小心啲。,basic,warning,neutral_colloquial,hong_kong,100,exact_or_normalized,,draft_curated,curated_v0.1
PHR-0072,没事吧？,冇事吖嘛？,basic,concern,neutral_colloquial,hong_kong,95,exact_or_normalized,,draft_curated,curated_v0.1
PHR-0073,你没事吧？,你冇事吖嘛？,basic,concern,neutral_colloquial,hong_kong,100,exact_or_normalized,,draft_curated,curated_v0.1
PHR-0074,慢慢来。,慢慢嚟。,basic,comfort,neutral_colloquial,hong_kong,100,exact_or_normalized,,draft_curated,curated_v0.1
PHR-0075,算了吧。,算啦。,basic,response,neutral_colloquial,hong_kong,95,exact_or_normalized,,draft_curated,curated_v0.1
PHR-0076,随便。,是但啦。,basic,response,neutral_colloquial,hong_kong,90,exact_or_normalized,,draft_curated,curated_v0.1
PHR-0077,都可以。,都得。,basic,response,neutral_colloquial,hong_kong,100,exact_or_normalized,,draft_curated,curated_v0.1
PHR-0078,不可以。,唔得。,basic,response,neutral_colloquial,hong_kong,100,exact_or_normalized,,draft_curated,curated_v0.1
PHR-0079,可以吗？,得唔得呀？,basic,request,neutral_colloquial,hong_kong,100,exact_or_normalized,,draft_curated,curated_v0.1
PHR-0080,什么时候？,幾時呀？,basic,question,neutral_colloquial,hong_kong,100,exact_or_normalized,,draft_curated,curated_v0.1
PHR-0081,为什么？,點解呀？,basic,question,neutral_colloquial,hong_kong,100,exact_or_normalized,,draft_curated,curated_v0.1
PHR-0082,怎么办？,點算呀？,basic,question,neutral_colloquial,hong_kong,100,exact_or_normalized,,draft_curated,curated_v0.1
PHR-0083,怎么样？,點呀？,basic,question,neutral_colloquial,hong_kong,95,exact_or_normalized,,draft_curated,curated_v0.1
PHR-0084,我想吃点东西。,我想食啲嘢。,restaurant,general,neutral_colloquial,hong_kong,100,exact_or_normalized,,draft_curated,curated_v0.1
PHR-0085,我们去吃饭吧。,我哋去食飯啦。,restaurant,general,neutral_colloquial,hong_kong,100,exact_or_normalized,,draft_curated,curated_v0.1
PHR-0086,你吃饭了吗？,你食咗飯未呀？,restaurant|social,general,neutral_colloquial,hong_kong,100,exact_or_normalized,,draft_curated,curated_v0.1
PHR-0087,我还没有吃饭。,我仲未食飯。,restaurant,general,neutral_colloquial,hong_kong,100,exact_or_normalized,,draft_curated,curated_v0.1
PHR-0088,我已经吃过了。,我已經食過喇。,restaurant,general,neutral_colloquial,hong_kong,100,exact_or_normalized,,draft_curated,curated_v0.1
PHR-0089,我吃饱了。,我食飽喇。,restaurant,general,neutral_colloquial,hong_kong,100,exact_or_normalized,,draft_curated,curated_v0.1
PHR-0090,我有点饿。,我有啲肚餓。,restaurant,general,neutral_colloquial,hong_kong,100,exact_or_normalized,,draft_curated,curated_v0.1
PHR-0091,我很渴。,我好口渴。,restaurant,general,neutral_colloquial,hong_kong,95,exact_or_normalized,,draft_curated,curated_v0.1
PHR-0092,这附近有餐厅吗？,附近有冇餐廳呀？,restaurant,location,neutral_colloquial,hong_kong,100,exact_or_normalized,,draft_curated,curated_v0.1
PHR-0093,哪家餐厅比较好？,邊間餐廳比較好呀？,restaurant,recommendation,neutral_colloquial,hong_kong,95,exact_or_normalized,,draft_curated,curated_v0.1
PHR-0094,有位置吗？,有冇位呀？,restaurant,seating,neutral_colloquial,hong_kong,100,exact_or_normalized,,draft_curated,curated_v0.1
PHR-0095,两个人。,兩位。,restaurant,seating,neutral_colloquial,hong_kong,100,exact_or_normalized,,draft_curated,curated_v0.1
PHR-0096,我们有三个人。,我哋有三個人。,restaurant,seating,neutral_colloquial,hong_kong,95,exact_or_normalized,,draft_curated,curated_v0.1
PHR-0097,我订了位。,我訂咗位。,restaurant,reservation,neutral_colloquial,hong_kong,100,exact_or_normalized,,draft_curated,curated_v0.1
PHR-0098,我没有订位。,我冇訂位。,restaurant,reservation,neutral_colloquial,hong_kong,100,exact_or_normalized,,draft_curated,curated_v0.1
PHR-0099,可以坐这里吗？,可唔可以坐呢度呀？,restaurant,seating,neutral_colloquial,hong_kong,100,exact_or_normalized,,draft_curated,curated_v0.1
PHR-0100,请给我菜单。,唔該畀餐牌我。,restaurant,ordering,neutral_colloquial,hong_kong,100,exact_or_normalized,,draft_curated,curated_v0.1
PHR-0101,有中文菜单吗？,有冇中文餐牌呀？,restaurant,ordering,neutral_colloquial,hong_kong,100,exact_or_normalized,,draft_curated,curated_v0.1
PHR-0102,你们有什么推荐？,你哋有咩推介呀？,restaurant,recommendation,neutral_colloquial,hong_kong,100,exact_or_normalized,,draft_curated,curated_v0.1
PHR-0103,这个是什么？,呢個係咩嚟㗎？,restaurant,ordering,neutral_colloquial,hong_kong,100,exact_or_normalized,,draft_curated,curated_v0.1
PHR-0104,我要这个。,我要呢個。,restaurant,ordering,neutral_colloquial,hong_kong,100,exact_or_normalized,,draft_curated,curated_v0.1
PHR-0105,我要一份这个。,我要一份呢個。,restaurant,ordering,neutral_colloquial,hong_kong,100,exact_or_normalized,,draft_curated,curated_v0.1
PHR-0106,请给我两杯水。,唔該畀兩杯水我。,restaurant,ordering,neutral_colloquial,hong_kong,100,exact_or_normalized,,draft_curated,curated_v0.1
PHR-0109,不要冰。,唔要冰。,restaurant,preference,neutral_colloquial,hong_kong,100,exact_or_normalized,,draft_curated,curated_v0.1
PHR-0110,少一点冰。,少冰。,restaurant,preference,neutral_colloquial,hong_kong,100,exact_or_normalized,,draft_curated,curated_v0.1
PHR-0111,不要糖。,唔要糖。,restaurant,preference,neutral_colloquial,hong_kong,100,exact_or_normalized,,draft_curated,curated_v0.1
PHR-0112,少一点糖。,少甜。,restaurant,preference,neutral_colloquial,hong_kong,100,exact_or_normalized,,draft_curated,curated_v0.1
PHR-0113,不要辣。,唔要辣。,restaurant,preference,neutral_colloquial,hong_kong,100,exact_or_normalized,,draft_curated,curated_v0.1
PHR-0115,可以做得清淡一点吗？,可唔可以整清淡啲呀？,restaurant,preference,neutral_colloquial,hong_kong,95,exact_or_normalized,,draft_curated,curated_v0.1
PHR-0116,我不吃猪肉。,我唔食豬肉。,restaurant,diet,neutral_colloquial,hong_kong,100,exact_or_normalized,,draft_curated,curated_v0.1
PHR-0117,我不吃牛肉。,我唔食牛肉。,restaurant,diet,neutral_colloquial,hong_kong,100,exact_or_normalized,,draft_curated,curated_v0.1
PHR-0118,我吃素。,我食素。,restaurant,diet,neutral_colloquial,hong_kong,100,exact_or_normalized,,draft_curated,curated_v0.1
PHR-0119,我对花生过敏。,我對花生敏感。,medical|restaurant,allergy,neutral_colloquial,hong_kong,100,exact_or_normalized,,draft_curated,curated_v0.1
PHR-0120,这里面有花生吗？,呢度入面有冇花生呀？,restaurant,allergy,neutral_colloquial,hong_kong,100,exact_or_normalized,,draft_curated,curated_v0.1
PHR-0121,这里面有奶吗？,呢度入面有冇奶呀？,restaurant,allergy,neutral_colloquial,hong_kong,95,exact_or_normalized,,draft_curated,curated_v0.1
PHR-0122,这个太辣了。,呢個太辣喇。,restaurant,feedback,neutral_colloquial,hong_kong,95,exact_or_normalized,,draft_curated,curated_v0.1
PHR-0123,这个很好吃。,呢個好好食。,restaurant,feedback,neutral_colloquial,hong_kong,100,exact_or_normalized,,draft_curated,curated_v0.1
PHR-0124,这个不好吃。,呢個唔好食。,restaurant,feedback,neutral_colloquial,hong_kong,95,exact_or_normalized,,draft_curated,curated_v0.1
PHR-0125,菜还没来。,啲餸仲未嚟。,restaurant,service,neutral_colloquial,hong_kong,100,exact_or_normalized,,draft_curated,curated_v0.1
PHR-0126,我们还少一个菜。,我哋仲爭一碟餸。,restaurant,service,neutral_colloquial,hong_kong,95,exact_or_normalized,,draft_curated,curated_v0.1
PHR-0127,可以快一点吗？,可唔可以快啲呀？,restaurant,service,neutral_colloquial,hong_kong,100,exact_or_normalized,,draft_curated,curated_v0.1
PHR-0128,请拿一双筷子。,唔該攞對筷子嚟。,restaurant,service,neutral_colloquial,hong_kong,95,exact_or_normalized,,draft_curated,curated_v0.1
PHR-0129,请给我一个碗。,唔該畀個碗我。,restaurant,service,neutral_colloquial,hong_kong,95,exact_or_normalized,,draft_curated,curated_v0.1
PHR-0130,请给我一张纸巾。,唔該畀張紙巾我。,restaurant,service,neutral_colloquial,hong_kong,100,exact_or_normalized,,draft_curated,curated_v0.1
PHR-0131,麻烦加点水。,唔該加啲水。,restaurant,service,neutral_colloquial,hong_kong,100,exact_or_normalized,,draft_curated,curated_v0.1
PHR-0132,可以打包吗？,可唔可以打包呀？,restaurant,takeaway,neutral_colloquial,hong_kong,100,exact_or_normalized,,draft_curated,curated_v0.1
PHR-0134,在这里吃。,喺度食。,restaurant,takeaway,neutral_colloquial,hong_kong,100,exact_or_normalized,,draft_curated,curated_v0.1
PHR-0135,带走。,拎走。,restaurant,takeaway,neutral_colloquial,hong_kong,100,exact_or_normalized,,draft_curated,curated_v0.1
PHR-0136,请结账。,唔該埋單。,restaurant,payment,neutral_colloquial,hong_kong,100,exact_or_normalized,,draft_curated,curated_v0.1
PHR-0137,可以分开付吗？,可唔可以分開畀錢呀？,restaurant,payment,neutral_colloquial,hong_kong,95,exact_or_normalized,,draft_curated,curated_v0.1
PHR-0138,可以刷卡吗？,可唔可以碌卡呀？,hotel|restaurant|shopping,payment,neutral_colloquial,hong_kong,95,exact_or_normalized,,draft_curated,curated_v0.1
PHR-0139,可以用现金吗？,可唔可以畀現金呀？,restaurant,payment,neutral_colloquial,hong_kong,95,exact_or_normalized,,draft_curated,curated_v0.1
PHR-0140,服务费包括了吗？,包咗加一未呀？,restaurant,payment,neutral_colloquial,hong_kong,85,exact_or_normalized,,draft_curated,curated_v0.1
PHR-0141,多少钱？,幾多錢呀？,restaurant,payment,neutral_colloquial,hong_kong,100,exact_or_normalized,,draft_curated,curated_v0.1
PHR-0142,不用找了。,唔使找喇。,restaurant,payment,neutral_colloquial,hong_kong,95,exact_or_normalized,,draft_curated,curated_v0.1
PHR-0143,请给我收据。,唔該畀張收據我。,hotel|restaurant,payment,neutral_colloquial,hong_kong,100,exact_or_normalized,,draft_curated,curated_v0.1
PHR-0144,我想买这个。,我想買呢個。,shopping,general,neutral_colloquial,hong_kong,100,exact_or_normalized,,draft_curated,curated_v0.1
PHR-0145,我只是看看。,我淨係睇下。,shopping,general,neutral_colloquial,hong_kong,100,exact_or_normalized,,draft_curated,curated_v0.1
PHR-0146,这个多少钱？,呢個幾多錢呀？,shopping,price,neutral_colloquial,hong_kong,100,exact_or_normalized,,draft_curated,curated_v0.1
PHR-0147,太贵了。,太貴喇。,shopping,price,neutral_colloquial,hong_kong,100,exact_or_normalized,,draft_curated,curated_v0.1
PHR-0148,可以便宜一点吗？,可唔可以平啲呀？,shopping,bargain,neutral_colloquial,hong_kong,100,exact_or_normalized,,draft_curated,curated_v0.1
PHR-0149,有没有便宜一点的？,有冇平啲㗎？,shopping,bargain,neutral_colloquial,hong_kong,100,exact_or_normalized,,draft_curated,curated_v0.1
PHR-0150,有折扣吗？,有冇折呀？,shopping,discount,neutral_colloquial,hong_kong,100,exact_or_normalized,,draft_curated,curated_v0.1
PHR-0151,现在打几折？,而家有幾多折呀？,shopping,discount,neutral_colloquial,hong_kong,90,exact_or_normalized,,draft_curated,curated_v0.1
PHR-0152,这是原价吗？,呢個係原價呀？,shopping,price,neutral_colloquial,hong_kong,95,exact_or_normalized,,draft_curated,curated_v0.1
PHR-0153,这个在促销吗？,呢個做緊特價呀？,shopping,discount,neutral_colloquial,hong_kong,95,exact_or_normalized,,draft_curated,curated_v0.1
PHR-0154,我想试一下。,我想試下。,shopping,try,neutral_colloquial,hong_kong,100,exact_or_normalized,,draft_curated,curated_v0.1
PHR-0155,可以试穿吗？,可唔可以試身呀？,shopping,clothing,neutral_colloquial,hong_kong,100,exact_or_normalized,,draft_curated,curated_v0.1
PHR-0156,试衣间在哪里？,試身室喺邊度呀？,shopping,clothing,neutral_colloquial,hong_kong,100,exact_or_normalized,,draft_curated,curated_v0.1
PHR-0157,这个太大了。,呢個太大喇。,shopping,size,neutral_colloquial,hong_kong,100,exact_or_normalized,,draft_curated,curated_v0.1
PHR-0158,这个太小了。,呢個太細喇。,shopping,size,neutral_colloquial,hong_kong,100,exact_or_normalized,,draft_curated,curated_v0.1
PHR-0159,有大一点的吗？,有冇大啲㗎？,shopping,size,neutral_colloquial,hong_kong,100,exact_or_normalized,,draft_curated,curated_v0.1
PHR-0160,有小一点的吗？,有冇細啲㗎？,shopping,size,neutral_colloquial,hong_kong,100,exact_or_normalized,,draft_curated,curated_v0.1
PHR-0161,有其他颜色吗？,有冇其他顏色呀？,shopping,color,neutral_colloquial,hong_kong,100,exact_or_normalized,,draft_curated,curated_v0.1
PHR-0162,我要黑色的。,我要黑色嗰個。,shopping,color,neutral_colloquial,hong_kong,95,exact_or_normalized,,draft_curated,curated_v0.1
PHR-0163,我要白色的。,我要白色嗰個。,shopping,color,neutral_colloquial,hong_kong,95,exact_or_normalized,,draft_curated,curated_v0.1
PHR-0164,这个合适吗？,呢個啱唔啱呀？,shopping,fit,neutral_colloquial,hong_kong,95,exact_or_normalized,,draft_curated,curated_v0.1
PHR-0165,这个很合适。,呢個好啱。,shopping,fit,neutral_colloquial,hong_kong,95,exact_or_normalized,,draft_curated,curated_v0.1
PHR-0166,还有货吗？,仲有冇貨呀？,shopping,stock,neutral_colloquial,hong_kong,100,exact_or_normalized,,draft_curated,curated_v0.1
PHR-0167,这个有现货吗？,呢個有冇現貨呀？,shopping,stock,neutral_colloquial,hong_kong,100,exact_or_normalized,,draft_curated,curated_v0.1
PHR-0168,什么时候有货？,幾時有貨呀？,shopping,stock,neutral_colloquial,hong_kong,100,exact_or_normalized,,draft_curated,curated_v0.1
PHR-0169,可以预订吗？,可唔可以預訂呀？,shopping,stock,neutral_colloquial,hong_kong,95,exact_or_normalized,,draft_curated,curated_v0.1
PHR-0170,这是最后一个吗？,呢個係咪最後一個呀？,shopping,stock,neutral_colloquial,hong_kong,95,exact_or_normalized,,draft_curated,curated_v0.1
PHR-0173,可以退吗？,可唔可以退呀？,shopping,return,neutral_colloquial,hong_kong,100,exact_or_normalized,,draft_curated,curated_v0.1
PHR-0174,可以换货吗？,可唔可以換貨呀？,shopping,return,neutral_colloquial,hong_kong,100,exact_or_normalized,,draft_curated,curated_v0.1
PHR-0176,我没有收据。,我冇收據。,shopping,return,neutral_colloquial,hong_kong,95,exact_or_normalized,,draft_curated,curated_v0.1
PHR-0177,这个坏了。,呢個壞咗。,shopping,return,neutral_colloquial,hong_kong,100,exact_or_normalized,,draft_curated,curated_v0.1
PHR-0178,这个不能用。,呢個用唔到。,shopping,return,neutral_colloquial,hong_kong,100,exact_or_normalized,,draft_curated,curated_v0.1
PHR-0179,可以帮我包起来吗？,可唔可以幫我包起佢呀？,shopping,service,neutral_colloquial,hong_kong,95,exact_or_normalized,,draft_curated,curated_v0.1
PHR-0180,我要一个袋子。,我要一個袋。,shopping,service,neutral_colloquial,hong_kong,100,exact_or_normalized,,draft_curated,curated_v0.1
PHR-0181,不用袋子。,唔使袋。,shopping,service,neutral_colloquial,hong_kong,100,exact_or_normalized,,draft_curated,curated_v0.1
PHR-0182,可以送货吗？,可唔可以送貨呀？,shopping,delivery,neutral_colloquial,hong_kong,100,exact_or_normalized,,draft_curated,curated_v0.1
PHR-0183,什么时候送到？,幾時送到呀？,shopping,delivery,neutral_colloquial,hong_kong,100,exact_or_normalized,,draft_curated,curated_v0.1
PHR-0184,请送到这个地址。,唔該送去呢個地址。,shopping,delivery,neutral_colloquial,hong_kong,95,exact_or_normalized,,draft_curated,curated_v0.1
PHR-0185,可以用手机支付吗？,可唔可以用手機畀錢呀？,shopping,payment,neutral_colloquial,hong_kong,95,exact_or_normalized,,draft_curated,curated_v0.1
PHR-0186,我用现金。,我畀現金。,shopping,payment,neutral_colloquial,hong_kong,100,exact_or_normalized,,draft_curated,curated_v0.1
PHR-0187,请给我发票。,唔該畀張發票我。,shopping,payment,neutral_colloquial,hong_kong,95,exact_or_normalized,,draft_curated,curated_v0.1
PHR-0188,收银台在哪里？,收銀處喺邊度呀？,shopping,payment,neutral_colloquial,hong_kong,100,exact_or_normalized,,draft_curated,curated_v0.1
PHR-0189,这是谁的？,呢個係邊個嘅？,shopping,ownership,neutral_colloquial,hong_kong,100,exact_or_normalized,,draft_curated,curated_v0.1
PHR-0190,我找不到这个商品。,我搵唔到呢件貨。,shopping,location,neutral_colloquial,hong_kong,95,exact_or_normalized,,draft_curated,curated_v0.1
PHR-0191,请问这个在哪里？,唔該，呢個喺邊度呀？,shopping,location,neutral_colloquial,hong_kong,100,exact_or_normalized,,draft_curated,curated_v0.1
PHR-0192,我再考虑一下。,我再諗下先。,shopping,decision,neutral_colloquial,hong_kong,100,exact_or_normalized,,draft_curated,curated_v0.1
PHR-0193,请问地铁站在哪里？,唔該，港鐵站喺邊度呀？,transport,directions,neutral_colloquial,hong_kong,100,exact_or_normalized,,draft_curated,curated_v0.1
PHR-0194,请问巴士站在哪里？,唔該，巴士站喺邊度呀？,transport,directions,neutral_colloquial,hong_kong,100,exact_or_normalized,,draft_curated,curated_v0.1
PHR-0195,怎么去机场？,點去機場呀？,transport,directions,neutral_colloquial,hong_kong,100,exact_or_normalized,,draft_curated,curated_v0.1
PHR-0196,怎么去火车站？,點去火車站呀？,transport,directions,neutral_colloquial,hong_kong,100,exact_or_normalized,,draft_curated,curated_v0.1
PHR-0197,离这里远吗？,離呢度遠唔遠呀？,transport,directions,neutral_colloquial,hong_kong,100,exact_or_normalized,,draft_curated,curated_v0.1
PHR-0198,走路要多久？,行路要幾耐呀？,transport,directions,neutral_colloquial,hong_kong,100,exact_or_normalized,,draft_curated,curated_v0.1
PHR-0199,往哪边走？,行邊邊呀？,transport,directions,neutral_colloquial,hong_kong,95,exact_or_normalized,,draft_curated,curated_v0.1
PHR-0200,一直往前走。,一直向前行。,transport,directions,neutral_colloquial,hong_kong,100,exact_or_normalized,,draft_curated,curated_v0.1
PHR-0201,在前面左转。,喺前面轉左。,transport,directions,neutral_colloquial,hong_kong,100,exact_or_normalized,,draft_curated,curated_v0.1
PHR-0202,在前面右转。,喺前面轉右。,transport,directions,neutral_colloquial,hong_kong,100,exact_or_normalized,,draft_curated,curated_v0.1
PHR-0203,就在对面。,就喺對面。,transport,directions,neutral_colloquial,hong_kong,100,exact_or_normalized,,draft_curated,curated_v0.1
PHR-0204,就在旁边。,就喺隔籬。,transport,directions,neutral_colloquial,hong_kong,100,exact_or_normalized,,draft_curated,curated_v0.1
PHR-0205,我迷路了。,我蕩失路喇。,medical|transport,directions,neutral_colloquial,hong_kong,100,exact_or_normalized,,draft_curated,curated_v0.1
PHR-0206,请带我去这个地址。,唔該車我去呢個地址。,transport,taxi,neutral_colloquial,hong_kong,100,exact_or_normalized,,draft_curated,curated_v0.1
PHR-0207,请送我去机场。,唔該車我去機場。,transport,taxi,neutral_colloquial,hong_kong,100,exact_or_normalized,,draft_curated,curated_v0.1
PHR-0208,麻烦开快一点。,唔該揸快啲。,transport,taxi,neutral_colloquial,hong_kong,95,exact_or_normalized,,draft_curated,curated_v0.1
PHR-0209,麻烦开慢一点。,唔該揸慢啲。,transport,taxi,neutral_colloquial,hong_kong,95,exact_or_normalized,,draft_curated,curated_v0.1
PHR-0210,请在这里停车。,唔該喺呢度停車。,transport,taxi,neutral_colloquial,hong_kong,100,exact_or_normalized,,draft_curated,curated_v0.1
PHR-0211,我在这里下车。,我喺呢度落車。,transport,taxi,neutral_colloquial,hong_kong,100,exact_or_normalized,,draft_curated,curated_v0.1
PHR-0212,大概多少钱？,大概幾多錢呀？,transport,taxi,neutral_colloquial,hong_kong,100,exact_or_normalized,,draft_curated,curated_v0.1
PHR-0213,可以打表吗？,可唔可以跳錶呀？,transport,taxi,neutral_colloquial,hong_kong,95,exact_or_normalized,,draft_curated,curated_v0.1
PHR-0214,请帮我叫出租车。,唔該幫我叫架的士。,transport,taxi,neutral_colloquial,hong_kong,100,exact_or_normalized,,draft_curated,curated_v0.1
PHR-0215,下一班车几点？,下一班車幾點呀？,transport,schedule,neutral_colloquial,hong_kong,100,exact_or_normalized,,draft_curated,curated_v0.1
PHR-0216,末班车几点？,尾班車幾點呀？,transport,schedule,neutral_colloquial,hong_kong,100,exact_or_normalized,,draft_curated,curated_v0.1
PHR-0217,这班车去哪里？,呢班車去邊度㗎？,transport,schedule,neutral_colloquial,hong_kong,100,exact_or_normalized,,draft_curated,curated_v0.1
PHR-0218,这辆车去机场吗？,呢架車去唔去機場㗎？,transport,schedule,neutral_colloquial,hong_kong,100,exact_or_normalized,,draft_curated,curated_v0.1
PHR-0220,我要在哪一站下车？,我要喺邊個站落車呀？,transport,destination,neutral_colloquial,hong_kong,100,exact_or_normalized,,draft_curated,curated_v0.1
PHR-0221,到站请告诉我。,到站唔該話我知。,transport,destination,neutral_colloquial,hong_kong,100,exact_or_normalized,,draft_curated,curated_v0.1
PHR-0222,我要买一张票。,我要買一張飛。,transport,ticket,neutral_colloquial,hong_kong,100,exact_or_normalized,,draft_curated,curated_v0.1
PHR-0223,单程票。,單程飛。,transport,ticket,neutral_colloquial,hong_kong,100,exact_or_normalized,,draft_curated,curated_v0.1
PHR-0224,往返票。,來回飛。,transport,ticket,neutral_colloquial,hong_kong,100,exact_or_normalized,,draft_curated,curated_v0.1
PHR-0225,可以用八达通吗？,可唔可以用八達通呀？,transport,payment,neutral_colloquial,hong_kong,100,exact_or_normalized,,draft_curated,curated_v0.1
PHR-0226,在哪里买票？,喺邊度買飛呀？,transport,ticket,neutral_colloquial,hong_kong,100,exact_or_normalized,,draft_curated,curated_v0.1
PHR-0227,月台在哪里？,月台喺邊度呀？,transport,station,neutral_colloquial,hong_kong,100,exact_or_normalized,,draft_curated,curated_v0.1
PHR-0228,是哪一个出口？,係邊個出口呀？,transport,station,neutral_colloquial,hong_kong,100,exact_or_normalized,,draft_curated,curated_v0.1
PHR-0229,这个座位有人吗？,呢個位有冇人坐呀？,transport,seat,neutral_colloquial,hong_kong,100,exact_or_normalized,,draft_curated,curated_v0.1
PHR-0230,我可以坐这里吗？,我可唔可以坐呢度呀？,transport,seat,neutral_colloquial,hong_kong,100,exact_or_normalized,,draft_curated,curated_v0.1
PHR-0231,请让一下。,唔該借借。,transport,movement,neutral_colloquial,hong_kong,100,exact_or_normalized,,draft_curated,curated_v0.1
PHR-0232,下一站是什么？,下一站係邊度呀？,transport,schedule,neutral_colloquial,hong_kong,95,exact_or_normalized,,draft_curated,curated_v0.1
PHR-0233,车来了。,架車嚟喇。,transport,schedule,neutral_colloquial,hong_kong,95,exact_or_normalized,,draft_curated,curated_v0.1
PHR-0234,车走了。,架車走咗喇。,transport,schedule,neutral_colloquial,hong_kong,95,exact_or_normalized,,draft_curated,curated_v0.1
PHR-0235,路上堵车。,塞緊車。,transport,traffic,neutral_colloquial,hong_kong,100,exact_or_normalized,,draft_curated,curated_v0.1
PHR-0237,我来不及了。,我趕唔切喇。,transport,traffic,neutral_colloquial,hong_kong,100,exact_or_normalized,,draft_curated,curated_v0.1
PHR-0238,我的航班延误了。,我班機延誤咗。,transport,flight,neutral_colloquial,hong_kong,95,exact_or_normalized,,draft_curated,curated_v0.1
PHR-0239,登机口在哪里？,登機閘口喺邊度呀？,transport,flight,neutral_colloquial,hong_kong,100,exact_or_normalized,,draft_curated,curated_v0.1
PHR-0240,在哪里办理登机？,喺邊度辦理登機呀？,transport,flight,neutral_colloquial,hong_kong,95,exact_or_normalized,,draft_curated,curated_v0.1
PHR-0241,我的行李不见了。,我件行李唔見咗。,transport,flight,neutral_colloquial,hong_kong,100,exact_or_normalized,,draft_curated,curated_v0.1
PHR-0242,这里可以充电吗？,呢度可唔可以充電呀？,transport,station,neutral_colloquial,hong_kong,100,exact_or_normalized,,draft_curated,curated_v0.1
PHR-0243,我想订一个房间。,我想訂一間房。,hotel,reservation,neutral_colloquial,hong_kong,100,exact_or_normalized,,draft_curated,curated_v0.1
PHR-0244,我已经预订了。,我已經訂咗房。,hotel,reservation,neutral_colloquial,hong_kong,100,exact_or_normalized,,draft_curated,curated_v0.1
PHR-0245,我没有预订。,我冇訂房。,hotel,reservation,neutral_colloquial,hong_kong,100,exact_or_normalized,,draft_curated,curated_v0.1
PHR-0248,可以提前入住吗？,可唔可以早啲入住呀？,hotel,checkin,neutral_colloquial,hong_kong,100,exact_or_normalized,,draft_curated,curated_v0.1
PHR-0249,可以延迟退房吗？,可唔可以遲啲退房呀？,hotel,checkout,neutral_colloquial,hong_kong,100,exact_or_normalized,,draft_curated,curated_v0.1
PHR-0250,住一晚多少钱？,住一晚幾多錢呀？,hotel,price,neutral_colloquial,hong_kong,100,exact_or_normalized,,draft_curated,curated_v0.1
PHR-0251,包括早餐吗？,包唔包早餐呀？,hotel,price,neutral_colloquial,hong_kong,100,exact_or_normalized,,draft_curated,curated_v0.1
PHR-0252,房间在哪里？,間房喺邊度呀？,hotel,room,neutral_colloquial,hong_kong,100,exact_or_normalized,,draft_curated,curated_v0.1
PHR-0253,电梯在哪里？,升降機喺邊度呀？,hotel,location,neutral_colloquial,hong_kong,100,exact_or_normalized,,draft_curated,curated_v0.1
PHR-0254,我的房卡不能用。,我張房卡用唔到。,hotel,problem,neutral_colloquial,hong_kong,100,exact_or_normalized,,draft_curated,curated_v0.1
PHR-0255,房间没有热水。,間房冇熱水。,hotel,problem,neutral_colloquial,hong_kong,100,exact_or_normalized,,draft_curated,curated_v0.1
PHR-0256,空调坏了。,冷氣壞咗。,hotel,problem,neutral_colloquial,hong_kong,100,exact_or_normalized,,draft_curated,curated_v0.1
PHR-0257,房间太冷了。,間房太凍喇。,hotel,problem,neutral_colloquial,hong_kong,100,exact_or_normalized,,draft_curated,curated_v0.1
PHR-0258,房间太热了。,間房太熱喇。,hotel,problem,neutral_colloquial,hong_kong,100,exact_or_normalized,,draft_curated,curated_v0.1
PHR-0259,房间太吵了。,間房太嘈喇。,hotel,problem,neutral_colloquial,hong_kong,100,exact_or_normalized,,draft_curated,curated_v0.1
PHR-0260,可以换房吗？,可唔可以換房呀？,hotel,problem,neutral_colloquial,hong_kong,100,exact_or_normalized,,draft_curated,curated_v0.1
PHR-0261,请拿一条毛巾来。,唔該攞條毛巾嚟。,hotel,service,neutral_colloquial,hong_kong,100,exact_or_normalized,,draft_curated,curated_v0.1
PHR-0262,请送两瓶水来。,唔該送兩支水嚟。,hotel,service,neutral_colloquial,hong_kong,100,exact_or_normalized,,draft_curated,curated_v0.1
PHR-0263,请打扫房间。,唔該執下間房。,hotel,service,neutral_colloquial,hong_kong,95,exact_or_normalized,,draft_curated,curated_v0.1
PHR-0264,请不要打扰。,唔好打擾。,hotel,service,neutral_colloquial,hong_kong,85,exact_or_normalized,,draft_curated,curated_v0.1
PHR-0265,无线网络密码是什么？,Wi-Fi 密碼係咩呀？,hotel,wifi,neutral_colloquial,hong_kong,100,exact_or_normalized,,draft_curated,curated_v0.1
PHR-0266,这里有无线网络吗？,呢度有冇 Wi-Fi 呀？,hotel,wifi,neutral_colloquial,hong_kong,100,exact_or_normalized,,draft_curated,curated_v0.1
PHR-0267,网络连不上。,上唔到網。,hotel,wifi,neutral_colloquial,hong_kong,100,exact_or_normalized,,draft_curated,curated_v0.1
PHR-0268,可以寄存行李吗？,可唔可以寄存行李呀？,hotel,luggage,neutral_colloquial,hong_kong,100,exact_or_normalized,,draft_curated,curated_v0.1
PHR-0269,我要取行李。,我要攞返行李。,hotel,luggage,neutral_colloquial,hong_kong,100,exact_or_normalized,,draft_curated,curated_v0.1
PHR-0270,可以帮我叫车吗？,可唔可以幫我叫車呀？,hotel,service,neutral_colloquial,hong_kong,100,exact_or_normalized,,draft_curated,curated_v0.1
PHR-0271,附近有便利店吗？,附近有冇便利店呀？,hotel,location,neutral_colloquial,hong_kong,100,exact_or_normalized,,draft_curated,curated_v0.1
PHR-0272,附近有洗衣店吗？,附近有冇洗衣舖呀？,hotel,location,neutral_colloquial,hong_kong,95,exact_or_normalized,,draft_curated,curated_v0.1
PHR-0273,我要续住一晚。,我要續住一晚。,hotel,reservation,neutral_colloquial,hong_kong,100,exact_or_normalized,,draft_curated,curated_v0.1
PHR-0274,押金什么时候退？,按金幾時退呀？,hotel,payment,neutral_colloquial,hong_kong,100,exact_or_normalized,,draft_curated,curated_v0.1
PHR-0275,我把钥匙忘在房间里了。,我留低咗條鎖匙喺房入面。,hotel,problem,neutral_colloquial,hong_kong,95,exact_or_normalized,,draft_curated,curated_v0.1
PHR-0276,你今天有空吗？,你今日得唔得閒呀？,social,arrange,neutral_colloquial,hong_kong,100,exact_or_normalized,,draft_curated,curated_v0.1
PHR-0277,我们一起吃饭吧。,我哋一齊食飯啦。,social,arrange,neutral_colloquial,hong_kong,100,exact_or_normalized,,draft_curated,curated_v0.1
PHR-0278,你想去哪里？,你想去邊度呀？,social,arrange,neutral_colloquial,hong_kong,100,exact_or_normalized,,draft_curated,curated_v0.1
PHR-0279,我们几点见？,我哋幾點見呀？,social,arrange,neutral_colloquial,hong_kong,100,exact_or_normalized,,draft_curated,curated_v0.1
PHR-0280,在哪里见？,喺邊度見呀？,social,arrange,neutral_colloquial,hong_kong,100,exact_or_normalized,,draft_curated,curated_v0.1
PHR-0282,我到了。,我到咗喇。,social,arrange,neutral_colloquial,hong_kong,100,exact_or_normalized,,draft_curated,curated_v0.1
PHR-0283,我在门口。,我喺門口。,social,arrange,neutral_colloquial,hong_kong,100,exact_or_normalized,,draft_curated,curated_v0.1
PHR-0284,我正在路上。,我喺路上。,social,arrange,neutral_colloquial,hong_kong,100,exact_or_normalized,,draft_curated,curated_v0.1
PHR-0285,你到了吗？,你到咗未呀？,social,arrange,neutral_colloquial,hong_kong,100,exact_or_normalized,,draft_curated,curated_v0.1
PHR-0286,你在做什么？,你做緊咩呀？,social,chat,neutral_colloquial,hong_kong,100,exact_or_normalized,,draft_curated,curated_v0.1
PHR-0287,我在工作。,我做緊嘢。,social,chat,neutral_colloquial,hong_kong,95,exact_or_normalized,,draft_curated,curated_v0.1
PHR-0288,我在吃饭。,我食緊飯。,social,chat,neutral_colloquial,hong_kong,100,exact_or_normalized,,draft_curated,curated_v0.1
PHR-0289,我在回家。,我返緊屋企。,social,chat,neutral_colloquial,hong_kong,100,exact_or_normalized,,draft_curated,curated_v0.1
PHR-0290,你最近很忙吗？,你近排係咪好忙呀？,social,chat,neutral_colloquial,hong_kong,95,exact_or_normalized,,draft_curated,curated_v0.1
PHR-0291,最近工作怎么样？,近排返工點呀？,social,chat,neutral_colloquial,hong_kong,95,exact_or_normalized,,draft_curated,curated_v0.1
PHR-0292,周末有什么安排？,週末有咩安排呀？,social,chat,neutral_colloquial,hong_kong,95,exact_or_normalized,,draft_curated,curated_v0.1
PHR-0293,我没有特别安排。,我冇乜特別安排。,social,chat,neutral_colloquial,hong_kong,95,exact_or_normalized,,draft_curated,curated_v0.1
PHR-0294,你喜欢这个吗？,你鍾唔鍾意呢個呀？,social,preference,neutral_colloquial,hong_kong,100,exact_or_normalized,,draft_curated,curated_v0.1
PHR-0295,我很喜欢。,我好鍾意。,social,preference,neutral_colloquial,hong_kong,100,exact_or_normalized,,draft_curated,curated_v0.1
PHR-0296,我不太喜欢。,我唔係幾鍾意。,social,preference,neutral_colloquial,hong_kong,100,exact_or_normalized,,draft_curated,curated_v0.1
PHR-0297,我不喜欢。,我唔鍾意。,social,preference,neutral_colloquial,hong_kong,100,exact_or_normalized,,draft_curated,curated_v0.1
PHR-0298,这个很好看。,呢個好靚。,social,opinion,neutral_colloquial,hong_kong,100,exact_or_normalized,,draft_curated,curated_v0.1
PHR-0299,这个很好笑。,呢個好好笑。,social,opinion,neutral_colloquial,hong_kong,95,exact_or_normalized,,draft_curated,curated_v0.1
PHR-0300,这个很有意思。,呢個幾有意思。,social,opinion,neutral_colloquial,hong_kong,90,exact_or_normalized,,draft_curated,curated_v0.1
PHR-0301,我觉得很累。,我覺得好攰。,social,feeling,neutral_colloquial,hong_kong,100,exact_or_normalized,,draft_curated,curated_v0.1
PHR-0302,我有点不舒服。,我有啲唔舒服。,social,feeling,neutral_colloquial,hong_kong,100,exact_or_normalized,,draft_curated,curated_v0.1
PHR-0303,我心情不好。,我心情唔好。,social,feeling,neutral_colloquial,hong_kong,95,exact_or_normalized,,draft_curated,curated_v0.1
PHR-0304,别生气。,唔好嬲。,social,comfort,neutral_colloquial,hong_kong,100,exact_or_normalized,,draft_curated,curated_v0.1
PHR-0305,你开心就好。,你開心就得喇。,social,comfort,neutral_colloquial,hong_kong,95,exact_or_normalized,,draft_curated,curated_v0.1
PHR-0307,恭喜你。,恭喜晒。,social,occasion,neutral_colloquial,hong_kong,95,exact_or_normalized,,draft_curated,curated_v0.1
PHR-0310,到时候联系。,到時再聯絡。,social,arrange,neutral_colloquial,hong_kong,95,exact_or_normalized,,draft_curated,curated_v0.1
PHR-0311,给我发消息。,send 訊息畀我。,social,chat,neutral_colloquial,hong_kong,80,exact_or_normalized,,draft_curated,curated_v0.1
PHR-0312,打电话给我。,打電話畀我。,social,chat,neutral_colloquial,hong_kong,100,exact_or_normalized,,draft_curated,curated_v0.1
PHR-0313,我先走了。,我走先喇。,social,leave,neutral_colloquial,hong_kong,100,exact_or_normalized,,draft_curated,curated_v0.1
PHR-0314,我今天上班。,我今日返工。,work,general,neutral_colloquial,hong_kong,100,exact_or_normalized,,draft_curated,curated_v0.1
PHR-0315,我今天不上班。,我今日唔使返工。,work,general,neutral_colloquial,hong_kong,100,exact_or_normalized,,draft_curated,curated_v0.1
PHR-0316,我已经下班了。,我已經放咗工喇。,work,general,neutral_colloquial,hong_kong,95,exact_or_normalized,,draft_curated,curated_v0.1
PHR-0317,我还没下班。,我仲未放工。,work,general,neutral_colloquial,hong_kong,100,exact_or_normalized,,draft_curated,curated_v0.1
PHR-0318,我今天要加班。,我今日要加班。,work,general,neutral_colloquial,hong_kong,95,exact_or_normalized,,draft_curated,curated_v0.1
PHR-0319,我明天请假。,我聽日請假。,work,general,neutral_colloquial,hong_kong,100,exact_or_normalized,,draft_curated,curated_v0.1
PHR-0320,我今天在家办公。,我今日喺屋企做嘢。,work,general,neutral_colloquial,hong_kong,95,exact_or_normalized,,draft_curated,curated_v0.1
PHR-0321,会议几点开始？,個會幾點開始呀？,work,meeting,neutral_colloquial,hong_kong,100,exact_or_normalized,,draft_curated,curated_v0.1
PHR-0322,会议在哪里开？,個會喺邊度開呀？,work,meeting,neutral_colloquial,hong_kong,100,exact_or_normalized,,draft_curated,curated_v0.1
PHR-0323,会议开始了吗？,個會開始咗未呀？,work,meeting,neutral_colloquial,hong_kong,100,exact_or_normalized,,draft_curated,curated_v0.1
PHR-0324,会议取消了。,個會取消咗。,work,meeting,neutral_colloquial,hong_kong,100,exact_or_normalized,,draft_curated,curated_v0.1
PHR-0325,会议改到明天。,個會改到聽日。,work,meeting,neutral_colloquial,hong_kong,100,exact_or_normalized,,draft_curated,curated_v0.1
PHR-0326,我正在开会。,我開緊會。,work,meeting,neutral_colloquial,hong_kong,100,exact_or_normalized,,draft_curated,curated_v0.1
PHR-0327,请把文件发给我。,唔該將份文件send畀我。,work,document,neutral_colloquial,hong_kong,90,exact_or_normalized,,draft_curated,curated_v0.1
PHR-0328,请给我看一下。,唔該畀我睇下。,work,document,neutral_colloquial,hong_kong,100,exact_or_normalized,,draft_curated,curated_v0.1
PHR-0329,我看过了。,我睇過喇。,work,document,neutral_colloquial,hong_kong,100,exact_or_normalized,,draft_curated,curated_v0.1
PHR-0330,我还没看。,我仲未睇。,work,document,neutral_colloquial,hong_kong,100,exact_or_normalized,,draft_curated,curated_v0.1
PHR-0331,这个文件有问题。,呢份文件有問題。,work,document,neutral_colloquial,hong_kong,100,exact_or_normalized,,draft_curated,curated_v0.1
PHR-0332,请修改一下。,唔該改一改。,work,document,neutral_colloquial,hong_kong,100,exact_or_normalized,,draft_curated,curated_v0.1
PHR-0333,请检查一下。,唔該檢查下。,work,document,neutral_colloquial,hong_kong,100,exact_or_normalized,,draft_curated,curated_v0.1
PHR-0334,这个什么时候完成？,呢個幾時完成呀？,work,deadline,neutral_colloquial,hong_kong,100,exact_or_normalized,,draft_curated,curated_v0.1
PHR-0335,今天可以完成吗？,今日可唔可以完成呀？,work,deadline,neutral_colloquial,hong_kong,100,exact_or_normalized,,draft_curated,curated_v0.1
PHR-0337,我还需要一点时间。,我仲需要少少時間。,work,deadline,neutral_colloquial,hong_kong,100,exact_or_normalized,,draft_curated,curated_v0.1
PHR-0338,时间不够。,唔夠時間。,work,deadline,neutral_colloquial,hong_kong,100,exact_or_normalized,,draft_curated,curated_v0.1
PHR-0339,来不及了。,趕唔切喇。,work,deadline,neutral_colloquial,hong_kong,100,exact_or_normalized,,draft_curated,curated_v0.1
PHR-0340,这个由谁负责？,呢個由邊個負責呀？,work,responsibility,neutral_colloquial,hong_kong,100,exact_or_normalized,,draft_curated,curated_v0.1
PHR-0341,我来负责。,等我負責。,work,responsibility,neutral_colloquial,hong_kong,95,exact_or_normalized,,draft_curated,curated_v0.1
PHR-0342,请跟进一下。,唔該跟進下。,work,responsibility,neutral_colloquial,hong_kong,100,exact_or_normalized,,draft_curated,curated_v0.1
PHR-0343,有进展吗？,有冇進展呀？,work,status,neutral_colloquial,hong_kong,100,exact_or_normalized,,draft_curated,curated_v0.1
PHR-0344,还没有进展。,仲未有進展。,work,status,neutral_colloquial,hong_kong,100,exact_or_normalized,,draft_curated,curated_v0.1
PHR-0345,已经处理好了。,已經處理好咗。,work,status,neutral_colloquial,hong_kong,100,exact_or_normalized,,draft_curated,curated_v0.1
PHR-0346,这个很重要。,呢個好重要。,work,priority,neutral_colloquial,hong_kong,100,exact_or_normalized,,draft_curated,curated_v0.1
PHR-0347,这个比较紧急。,呢個比較急。,work,priority,neutral_colloquial,hong_kong,100,exact_or_normalized,,draft_curated,curated_v0.1
PHR-0348,我们需要再讨论。,我哋需要再傾下。,work,discussion,neutral_colloquial,hong_kong,95,exact_or_normalized,,draft_curated,curated_v0.1
PHR-0349,我同意这个方案。,我同意呢個方案。,work,discussion,neutral_colloquial,hong_kong,95,exact_or_normalized,,draft_curated,curated_v0.1
PHR-0350,我对这个有意见。,我對呢個有意見。,work,discussion,neutral_colloquial,hong_kong,95,exact_or_normalized,,draft_curated,curated_v0.1
PHR-0351,你有什么建议？,你有咩建議呀？,work,discussion,neutral_colloquial,hong_kong,100,exact_or_normalized,,draft_curated,curated_v0.1
PHR-0352,请回复邮件。,唔該覆電郵。,work,email,neutral_colloquial,hong_kong,95,exact_or_normalized,,draft_curated,curated_v0.1
PHR-0353,我没有收到邮件。,我收唔到電郵。,work,email,neutral_colloquial,hong_kong,100,exact_or_normalized,,draft_curated,curated_v0.1
PHR-0354,网络有问题。,個網絡有問題。,work,technical,neutral_colloquial,hong_kong,95,exact_or_normalized,,draft_curated,curated_v0.1
PHR-0355,电脑坏了。,部電腦壞咗。,work,technical,neutral_colloquial,hong_kong,100,exact_or_normalized,,draft_curated,curated_v0.1
PHR-0356,请重新启动。,唔該重新開機。,work,technical,neutral_colloquial,hong_kong,95,exact_or_normalized,,draft_curated,curated_v0.1
PHR-0357,我不舒服。,我唔舒服。,medical,general,neutral_colloquial,hong_kong,100,exact_or_normalized,,draft_curated,curated_v0.1
PHR-0358,我需要看医生。,我要睇醫生。,medical,general,neutral_colloquial,hong_kong,100,exact_or_normalized,,draft_curated,curated_v0.1
PHR-0359,附近有医院吗？,附近有冇醫院呀？,medical,location,neutral_colloquial,hong_kong,100,exact_or_normalized,,draft_curated,curated_v0.1
PHR-0360,附近有药店吗？,附近有冇藥房呀？,medical,location,neutral_colloquial,hong_kong,100,exact_or_normalized,,draft_curated,curated_v0.1
PHR-0361,请叫救护车。,唔該叫白車。,medical,emergency,neutral_colloquial,hong_kong,100,exact_or_normalized,,draft_curated,curated_v0.1
PHR-0362,请报警。,唔該報警。,medical,emergency,neutral_colloquial,hong_kong,100,exact_or_normalized,,draft_curated,curated_v0.1
PHR-0363,这是紧急情况。,呢個係緊急情況。,medical,emergency,neutral_colloquial,hong_kong,100,exact_or_normalized,,draft_curated,curated_v0.1
PHR-0364,我受伤了。,我受咗傷。,medical,injury,neutral_colloquial,hong_kong,100,exact_or_normalized,,draft_curated,curated_v0.1
PHR-0365,他晕倒了。,佢暈低咗。,medical,emergency,neutral_colloquial,hong_kong,100,exact_or_normalized,,draft_curated,curated_v0.1
PHR-0366,我不能呼吸。,我唞唔到氣。,medical,emergency,neutral_colloquial,hong_kong,100,exact_or_normalized,,draft_curated,curated_v0.1
PHR-0367,我胸口痛。,我心口痛。,medical,symptom,neutral_colloquial,hong_kong,100,exact_or_normalized,,draft_curated,curated_v0.1
PHR-0369,我肚子痛。,我肚痛。,medical,symptom,neutral_colloquial,hong_kong,100,exact_or_normalized,,draft_curated,curated_v0.1
PHR-0372,我咳嗽。,我咳。,medical,symptom,neutral_colloquial,hong_kong,100,exact_or_normalized,,draft_curated,curated_v0.1
PHR-0373,我流鼻涕。,我流鼻水。,medical,symptom,neutral_colloquial,hong_kong,100,exact_or_normalized,,draft_curated,curated_v0.1
PHR-0374,我想吐。,我想嘔。,medical,symptom,neutral_colloquial,hong_kong,100,exact_or_normalized,,draft_curated,curated_v0.1
PHR-0375,我拉肚子。,我肚屙。,medical,symptom,neutral_colloquial,hong_kong,100,exact_or_normalized,,draft_curated,curated_v0.1
PHR-0377,我很累。,我好攰。,medical,symptom,neutral_colloquial,hong_kong,100,exact_or_normalized,,draft_curated,curated_v0.1
PHR-0378,这里很痛。,呢度好痛。,medical,symptom,neutral_colloquial,hong_kong,100,exact_or_normalized,,draft_curated,curated_v0.1
PHR-0379,痛了多久？,痛咗幾耐呀？,medical,consultation,neutral_colloquial,hong_kong,100,exact_or_normalized,,draft_curated,curated_v0.1
PHR-0380,从昨天开始。,由尋日開始。,medical,consultation,neutral_colloquial,hong_kong,100,exact_or_normalized,,draft_curated,curated_v0.1
PHR-0381,我对青霉素过敏。,我對盤尼西林敏感。,medical,allergy,neutral_colloquial,hong_kong,95,exact_or_normalized,,draft_curated,curated_v0.1
PHR-0382,我正在吃这个药。,我食緊呢隻藥。,medical,medicine,neutral_colloquial,hong_kong,100,exact_or_normalized,,draft_curated,curated_v0.1
PHR-0383,这个药一天吃几次？,呢隻藥一日食幾多次呀？,medical,medicine,neutral_colloquial,hong_kong,100,exact_or_normalized,,draft_curated,curated_v0.1
PHR-0384,饭前吃还是饭后吃？,飯前食定飯後食呀？,medical,medicine,neutral_colloquial,hong_kong,100,exact_or_normalized,,draft_curated,curated_v0.1
PHR-0385,有副作用吗？,有冇副作用呀？,medical,medicine,neutral_colloquial,hong_kong,100,exact_or_normalized,,draft_curated,curated_v0.1
PHR-0386,我怀孕了。,我有咗身孕。,medical,consultation,neutral_colloquial,hong_kong,95,exact_or_normalized,,draft_curated,curated_v0.1
PHR-0389,我没有医疗保险。,我冇醫療保險。,medical,payment,neutral_colloquial,hong_kong,95,exact_or_normalized,,draft_curated,curated_v0.1
PHR-0390,需要多少钱？,要幾多錢呀？,medical,payment,neutral_colloquial,hong_kong,100,exact_or_normalized,,draft_curated,curated_v0.1
PHR-0391,请写下来。,唔該寫低。,medical,communication,neutral_colloquial,hong_kong,100,exact_or_normalized,,draft_curated,curated_v0.1
PHR-0392,请联系我的家人。,唔該聯絡我屋企人。,medical,emergency,neutral_colloquial,hong_kong,100,exact_or_normalized,,draft_curated,curated_v0.1
PHR-0393,我的手机在这里。,我部手機喺呢度。,medical,emergency,neutral_colloquial,hong_kong,95,exact_or_normalized,,draft_curated,curated_v0.1
PHR-0394,我的钱包不见了。,我個銀包唔見咗。,medical,safety,neutral_colloquial,hong_kong,100,exact_or_normalized,,draft_curated,curated_v0.1
PHR-0395,我的手机不见了。,我部手機唔見咗。,medical,safety,neutral_colloquial,hong_kong,100,exact_or_normalized,,draft_curated,curated_v0.1
PHR-0396,有人偷了我的东西。,有人偷咗我啲嘢。,medical,safety,neutral_colloquial,hong_kong,100,exact_or_normalized,,draft_curated,curated_v0.1
