id,source_pattern,target_pattern,source_patterns,target_patterns,slot_types,scene,intent,priority,transform_pipeline,constraints,identity_structure,example_source,example_target,notes,review_status,provenance
TPL-0001,你为什么{vp:VP}？,你點解{vp}呀？,"[""你为什么{vp:VP}？""]","[""你點解{vp}呀？""]","[""VP""]",general,why_question,100,[],{},false,你为什么不去？,你點解唔去呀？,,draft_curated,curated_v0.1
TPL-0002,为什么{vp:VP}？,點解{vp}呀？,"[""为什么{vp:VP}？""]","[""點解{vp}呀？""]","[""VP""]",general,why_question,100,[],{},false,为什么这么贵？,點解咁貴呀？,,draft_curated,curated_v0.1
TPL-0003,你在做什么？,你做緊咩呀？,"[""你在做什么？""]","[""你做緊咩呀？""]",[],general,progressive_question,100,[],{},false,你在做什么？,你做緊咩呀？,fixed_high_frequency,draft_curated,curated_v0.1
TPL-0004,你正在{vp:VP}吗？,你係咪{vp}緊呀？,"[""你正在{vp:VP}吗？""]","[""你係咪{vp}緊呀？""]","[""VP""]",general,progressive_question,95,"[{""type"":""aspect_after_head"",""slot"":""vp"",""marker"":""緊""}]",{},false,你正在开会吗？,你係咪開緊會呀？,,draft_curated,curated_v0.1
TPL-0005,你有没有{np:NP}？,你有冇{np}呀？,"[""你有没有{np:NP}？""]","[""你有冇{np}呀？""]","[""NP""]",general,existence_question,100,[],{},false,你有没有时间？,你有冇時間呀？,,draft_curated,curated_v0.1
TPL-0006,这里有没有{np:NP}？,呢度有冇{np}呀？,"[""这里有没有{np:NP}？""]","[""呢度有冇{np}呀？""]","[""NP""]",general,existence_question,100,[],{},false,这里有没有洗手间？,呢度有冇洗手間呀？,,draft_curated,curated_v0.1
TPL-0007,{np:NP}在哪里？,{np}喺邊度呀？,"[""{np:NP}在哪里？""]","[""{np}喺邊度呀？""]","[""NP""]",general,location_question,100,[],{},false,洗手间在哪里？,洗手間喺邊度呀？,,draft_curated,curated_v0.1
TPL-0008,怎么去{place:PLACE}？,點去{place}呀？,"[""怎么去{place:PLACE}？""]","[""點去{place}呀？""]","[""PLACE""]",transport,directions,100,[],{},false,怎么去机场？,點去機場呀？,,draft_curated,curated_v0.1
TPL-0009,从这里怎么去{place:PLACE}？,由呢度點去{place}呀？,"[""从这里怎么去{place:PLACE}？""]","[""由呢度點去{place}呀？""]","[""PLACE""]",transport,directions,100,[],{},false,从这里怎么去车站？,由呢度點去車站呀？,,draft_curated,curated_v0.1
TPL-0010,{np:NP}多少钱？,{np}幾多錢呀？,"[""{np:NP}多少钱？""]","[""{np}幾多錢呀？""]","[""NP""]",shopping,price_question,100,[],{},false,这个多少钱？,呢個幾多錢呀？,,draft_curated,curated_v0.1
TPL-0011,{np:NP}要多少钱？,{np}要幾多錢呀？,"[""{np:NP}要多少钱？""]","[""{np}要幾多錢呀？""]","[""NP""]",general,price_question,95,[],{},false,修理要多少钱？,整返好要幾多錢呀？,verb_lexicon_may_rewrite,draft_curated,curated_v0.1
TPL-0012,{np:NP}什么时候{vp:VP}？,{np}幾時{vp}呀？,"[""{np:NP}什么时候{vp:VP}？""]","[""{np}幾時{vp}呀？""]","[""NP"",""VP""]",general,time_question,95,[],{},false,货什么时候到？,啲貨幾時到呀？,,draft_curated,curated_v0.1
TPL-0013,你什么时候{vp:VP}？,你幾時{vp}呀？,"[""你什么时候{vp:VP}？""]","[""你幾時{vp}呀？""]","[""VP""]",general,time_question,100,[],{},false,你什么时候回来？,你幾時返嚟呀？,,draft_curated,curated_v0.1
TPL-0014,要多久？,要幾耐呀？,"[""要多久？""]","[""要幾耐呀？""]",[],general,duration_question,100,[],{},false,要多久？,要幾耐呀？,,draft_curated,curated_v0.1
TPL-0015,{vp:VP}要多久？,{vp}要幾耐呀？,"[""{vp:VP}要多久？""]","[""{vp}要幾耐呀？""]","[""VP""]",general,duration_question,100,[],{},false,走路要多久？,行路要幾耐呀？,,draft_curated,curated_v0.1
TPL-0016,哪个{np:NP}比较好？,邊個{np}比較好呀？,"[""哪个{np:NP}比较好？""]","[""邊個{np}比較好呀？""]","[""NP""]",general,choice_question,95,[],{},false,哪个方案比较好？,邊個方案比較好呀？,,draft_curated,curated_v0.1
TPL-0017,你觉得{clause:CLAUSE}怎么样？,你覺得{clause}點呀？,"[""你觉得{clause:CLAUSE}怎么样？""]","[""你覺得{clause}點呀？""]","[""CLAUSE""]",general,opinion_question,90,[],{},false,你觉得这个方案怎么样？,你覺得呢個方案點呀？,,draft_curated,curated_v0.1
TPL-0018,可以{vp:VP}吗？,可唔可以{vp}呀？,"[""可以{vp:VP}吗？""]","[""可唔可以{vp}呀？""]","[""VP""]",general,permission_question,100,[],{},false,可以坐这里吗？,可唔可以坐呢度呀？,,draft_curated,curated_v0.1
TPL-0019,能不能{vp:VP}？,可唔可以{vp}呀？,"[""能不能{vp:VP}？""]","[""可唔可以{vp}呀？""]","[""VP""]",general,permission_question,100,[],{},false,能不能便宜一点？,可唔可以平啲呀？,,draft_curated,curated_v0.1
TPL-0020,你能不能{vp:VP}？,你可唔可以{vp}呀？,"[""你能不能{vp:VP}？""]","[""你可唔可以{vp}呀？""]","[""VP""]",general,request_question,100,[],{},false,你能不能帮我？,你可唔可以幫我呀？,,draft_curated,curated_v0.1
TPL-0021,你能帮我{vp:VP}吗？,你可唔可以幫我{vp}呀？,"[""你能帮我{vp:VP}吗？""]","[""你可唔可以幫我{vp}呀？""]","[""VP""]",general,request_question,100,[],{},false,你能帮我看一下吗？,你可唔可以幫我睇下呀？,,draft_curated,curated_v0.1
TPL-0022,请{vp:VP}。,唔該{vp}。,"[""请{vp:VP}。""]","[""唔該{vp}。""]","[""VP""]",general,polite_request,95,[],{},false,请等一下。,唔該等陣。,,draft_curated,curated_v0.1
TPL-0023,请帮我{vp:VP}。,唔該幫我{vp}。,"[""请帮我{vp:VP}。""]","[""唔該幫我{vp}。""]","[""VP""]",general,polite_request,100,[],{},false,请帮我叫车。,唔該幫我叫車。,,draft_curated,curated_v0.1
TPL-0024,麻烦你{vp:VP}。,唔該你{vp}。,"[""麻烦你{vp:VP}。""]","[""唔該你{vp}。""]","[""VP""]",general,polite_request,100,[],{},false,麻烦你再说一遍。,唔該你再講多次。,,draft_curated,curated_v0.1
TPL-0025,请给我{np:NP}。,唔該畀{np}我。,"[""请给我{np:NP}。""]","[""唔該畀{np}我。""]","[""NP""]",general,give_request,100,[],{},false,请给我一杯水。,唔該畀杯水我。,classifier_reduction_optional,draft_curated,curated_v0.1
TPL-0026,请把{np:NP}给我。,唔該將{np}畀我。,"[""请把{np:NP}给我。""]","[""唔該將{np}畀我。""]","[""NP""]",general,give_request,95,[],{},false,请把文件给我。,唔該將份文件畀我。,,draft_curated,curated_v0.1
TPL-0027,请把{np:NP}发给我。,唔該將{np}send畀我。,"[""请把{np:NP}发给我。""]","[""唔該將{np}send畀我。""]","[""NP""]",work,send_request,90,[],{},false,请把文件发给我。,唔該將份文件send畀我。,code_switch_hk,draft_curated,curated_v0.1
TPL-0028,请告诉我{clause:CLAUSE}。,唔該話我知{clause}。,"[""请告诉我{clause:CLAUSE}。""]","[""唔該話我知{clause}。""]","[""CLAUSE""]",general,tell_request,100,[],{},false,请告诉我什么时候到。,唔該話我知幾時到。,,draft_curated,curated_v0.1
TPL-0029,请再{vp:VP}一次。,唔該再{vp}多次。,"[""请再{vp:VP}一次。""]","[""唔該再{vp}多次。""]","[""VP""]",general,repeat_request,100,[],{},false,请再说一次。,唔該再講多次。,,draft_curated,curated_v0.1
TPL-0030,请{vp:VP}一点。,唔該{vp}啲。,"[""请{vp:VP}一点。""]","[""唔該{vp}啲。""]","[""VP""]",general,degree_request,95,[],{},false,请说慢一点。,唔該講慢啲。,,draft_curated,curated_v0.1
TPL-0031,我想{vp:VP}。,我想{vp}。,"[""我想{vp:VP}。""]","[""我想{vp}。""]","[""VP""]",general,desire,95,[],{},true,我想吃饭。,我想食飯。,,draft_curated,curated_v0.1
TPL-0032,我想要{np:NP}。,我想要{np}。,"[""我想要{np:NP}。""]","[""我想要{np}。""]","[""NP""]",general,desire,95,[],{},true,我想要这个。,我想要呢個。,,draft_curated,curated_v0.1
TPL-0033,我要{np:NP}。,我要{np}。,"[""我要{np:NP}。""]","[""我要{np}。""]","[""NP""]",general,request_item,100,[],{},true,我要一杯水。,我要一杯水。,,draft_curated,curated_v0.1
TPL-0034,我要去{place:PLACE}。,我要去{place}。,"[""我要去{place:PLACE}。""]","[""我要去{place}。""]","[""PLACE""]",transport,destination,100,[],{},true,我要去机场。,我要去機場。,,draft_curated,curated_v0.1
TPL-0035,我正在{vp:VP}。,我{vp}緊。,"[""我正在{vp:VP}。""]","[""我{vp}緊。""]","[""VP""]",general,progressive,100,"[{""type"":""aspect_after_head"",""slot"":""vp"",""marker"":""緊""}]",{},false,我正在吃饭。,我食緊飯。,,draft_curated,curated_v0.1
TPL-0036,{person:PERSON}正在{vp:VP}。,{person}{vp}緊。,"[""{person:PERSON}正在{vp:VP}。""]","[""{person}{vp}緊。""]","[""PERSON"",""VP""]",general,progressive,100,"[{""type"":""aspect_after_head"",""slot"":""vp"",""marker"":""緊""}]",{},false,他正在开会。,佢開緊會。,,draft_curated,curated_v0.1
TPL-0037,我已经{vp:VP}了。,我已經{vp}咗喇。,"[""我已经{vp:VP}了。""]","[""我已經{vp}咗喇。""]","[""VP""]",general,completed,100,"[{""type"":""aspect_after_head"",""slot"":""vp"",""marker"":""咗""}]",{},false,我已经到了。,我已經到咗喇。,,draft_curated,curated_v0.1
TPL-0038,{person:PERSON}已经{vp:VP}了。,{person}已經{vp}咗喇。,"[""{person:PERSON}已经{vp:VP}了。""]","[""{person}已經{vp}咗喇。""]","[""PERSON"",""VP""]",general,completed,95,"[{""type"":""aspect_after_head"",""slot"":""vp"",""marker"":""咗""}]",{},false,他已经走了。,佢已經走咗喇。,,draft_curated,curated_v0.1
TPL-0039,我还没有{vp:VP}。,我仲未{vp}。,"[""我还没有{vp:VP}。""]","[""我仲未{vp}。""]","[""VP""]",general,not_yet,100,[],{},false,我还没有吃饭。,我仲未食飯。,,draft_curated,curated_v0.1
TPL-0040,{person:PERSON}还没有{vp:VP}。,{person}仲未{vp}。,"[""{person:PERSON}还没有{vp:VP}。""]","[""{person}仲未{vp}。""]","[""PERSON"",""VP""]",general,not_yet,100,[],{},false,他还没有来。,佢仲未嚟。,,draft_curated,curated_v0.1
TPL-0041,我没有{np:NP}。,我冇{np}。,"[""我没有{np:NP}。""]","[""我冇{np}。""]","[""NP""]",general,nonexistence,100,[],{},false,我没有钱。,我冇錢。,,draft_curated,curated_v0.1
TPL-0042,{person:PERSON}没有{np:NP}。,{person}冇{np}。,"[""{person:PERSON}没有{np:NP}。""]","[""{person}冇{np}。""]","[""PERSON"",""NP""]",general,nonexistence,95,[],{},false,他没有时间。,佢冇時間。,,draft_curated,curated_v0.1
TPL-0043,我昨天没有{vp:VP}。,我尋日冇{vp}。,"[""我昨天没有{vp:VP}。""]","[""我尋日冇{vp}。""]","[""VP""]",general,past_negative,100,[],{},false,我昨天没有去。,我尋日冇去。,,draft_curated,curated_v0.1
TPL-0044,我不会{vp:VP}。,我唔識{vp}。,"[""我不会{vp:VP}。""]","[""我唔識{vp}。""]","[""VP""]",general,skill_negative,95,[],{},false,我不会说粤语。,我唔識講廣東話。,only_learned_skills,draft_curated,curated_v0.1
TPL-0045,我不能{vp:VP}。,我唔可以{vp}。,"[""我不能{vp:VP}。""]","[""我唔可以{vp}。""]","[""VP""]",general,permission_negative,95,[],{},false,我不能进去。,我唔可以入去。,permission_or_rule,draft_curated,curated_v0.1
TPL-0046,我做不到{vp:VP}。,我做唔到{vp}。,"[""我做不到{vp:VP}。""]","[""我做唔到{vp}。""]","[""VP""]",general,ability_negative,95,[],{},false,我做不到按时完成。,我做唔到準時完成。,,draft_curated,curated_v0.1
TPL-0047,我觉得{clause:CLAUSE}。,我覺得{clause}。,"[""我觉得{clause:CLAUSE}。""]","[""我覺得{clause}。""]","[""CLAUSE""]",general,opinion,90,[],{},false,我觉得这个很好。,我覺得呢個幾好。,,draft_curated,curated_v0.1
TPL-0048,我不知道{clause:CLAUSE}。,我唔知{clause}。,"[""我不知道{clause:CLAUSE}。""]","[""我唔知{clause}。""]","[""CLAUSE""]",general,knowledge_negative,100,[],{},false,我不知道他在哪里。,我唔知佢喺邊度。,,draft_curated,curated_v0.1
TPL-0049,我不明白{clause:CLAUSE}。,我唔明{clause}。,"[""我不明白{clause:CLAUSE}。""]","[""我唔明{clause}。""]","[""CLAUSE""]",general,understanding_negative,100,[],{},false,我不明白你说什么。,我唔明你講乜嘢。,,draft_curated,curated_v0.1
TPL-0050,我记得{clause:CLAUSE}。,我記得{clause}。,"[""我记得{clause:CLAUSE}。""]","[""我記得{clause}。""]","[""CLAUSE""]",general,memory,90,[],{},false,我记得他来过。,我記得佢嚟過。,,draft_curated,curated_v0.1
TPL-0051,我忘记{vp:VP}了。,我唔記得{vp}。,"[""我忘记{vp:VP}了。""]","[""我唔記得{vp}。""]","[""VP""]",general,memory_negative,90,[],{},false,我忘记带钥匙了。,我唔記得帶鎖匙。,,draft_curated,curated_v0.1
TPL-0052,我有点{adj:ADJ}。,我有啲{adj}。,"[""我有点{adj:ADJ}。""]","[""我有啲{adj}。""]","[""ADJ""]",general,degree,100,[],{},false,我有点累。,我有啲攰。,,draft_curated,curated_v0.1
TPL-0053,我很{adj:ADJ}。,我好{adj}。,"[""我很{adj:ADJ}。""]","[""我好{adj}。""]","[""ADJ""]",general,degree,100,[],{},false,我很累。,我好攰。,,draft_curated,curated_v0.1
TPL-0054,这个很{adj:ADJ}。,呢個好{adj}。,"[""这个很{adj:ADJ}。""]","[""呢個好{adj}。""]","[""ADJ""]",general,degree,100,[],{},false,这个很好看。,呢個好靚。,,draft_curated,curated_v0.1
TPL-0055,这个太{adj:ADJ}了。,呢個太{adj}喇。,"[""这个太{adj:ADJ}了。""]","[""呢個太{adj}喇。""]","[""ADJ""]",general,excessive_degree,100,[],{},false,这个太贵了。,呢個太貴喇。,,draft_curated,curated_v0.1
TPL-0056,有没有{adj:ADJ}一点的？,有冇{adj}啲㗎？,"[""有没有{adj:ADJ}一点的？""]","[""有冇{adj}啲㗎？""]","[""ADJ""]",shopping,comparative_request,100,[],{},false,有没有便宜一点的？,有冇平啲㗎？,,draft_curated,curated_v0.1
TPL-0057,比{np:NP}更{adj:ADJ}。,{adj}過{np}。,"[""比{np:NP}更{adj:ADJ}。""]","[""{adj}過{np}。""]","[""NP"",""ADJ""]",general,comparison,90,[],{},false,比那个更便宜。,平過嗰個。,,draft_curated,curated_v0.1
TPL-0058,{np1:NP}比{np2:NP}{adj:ADJ}。,{np1}{adj}過{np2}。,"[""{np1:NP}比{np2:NP}{adj:ADJ}。""]","[""{np1}{adj}過{np2}。""]","[""NP"",""ADJ""]",general,comparison,100,[],{},false,这个比那个贵。,呢個貴過嗰個。,,draft_curated,curated_v0.1
TPL-0059,越{adj1:ADJ}越{adj2:ADJ}。,越{adj1}越{adj2}。,"[""越{adj1:ADJ}越{adj2:ADJ}。""]","[""越{adj1}越{adj2}。""]","[""ADJ""]",general,correlative,80,[],{},true,越快越好。,越快越好。,passthrough_structure,draft_curated,curated_v0.1
TPL-0060,我们一起{vp:VP}吧。,我哋一齊{vp}啦。,"[""我们一起{vp:VP}吧。""]","[""我哋一齊{vp}啦。""]","[""VP""]",social,suggestion,100,[],{},false,我们一起吃饭吧。,我哋一齊食飯啦。,,draft_curated,curated_v0.1
TPL-0061,我们{time:TIME}见。,我哋{time}見。,"[""我们{time:TIME}见。""]","[""我哋{time}見。""]","[""TIME""]",social,arrangement,100,[],{},false,我们明天见。,我哋聽日見。,,draft_curated,curated_v0.1
TPL-0062,我们在{place:PLACE}见。,我哋喺{place}見。,"[""我们在{place:PLACE}见。""]","[""我哋喺{place}見。""]","[""PLACE""]",social,arrangement,100,[],{},false,我们在门口见。,我哋喺門口見。,,draft_curated,curated_v0.1
TPL-0064,我{time:TIME}到。,我{time}到。,"[""我{time:TIME}到。""]","[""我{time}到。""]","[""TIME""]",social,arrangement,90,[],{},true,我三点到。,我三點到。,,draft_curated,curated_v0.1
TPL-0065,到时候给我打电话。,到時打電話畀我。,"[""到时候给我打电话。""]","[""到時打電話畀我。""]",[],social,arrangement,100,[],{},false,到时候给我打电话。,到時打電話畀我。,,draft_curated,curated_v0.1
TPL-0066,你喜欢{np:NP}吗？,你鍾唔鍾意{np}呀？,"[""你喜欢{np:NP}吗？""]","[""你鍾唔鍾意{np}呀？""]","[""NP""]",social,preference_question,100,[],{},false,你喜欢这个吗？,你鍾唔鍾意呢個呀？,,draft_curated,curated_v0.1
TPL-0067,我喜欢{np:NP}。,我鍾意{np}。,"[""我喜欢{np:NP}。""]","[""我鍾意{np}。""]","[""NP""]",social,preference,100,[],{},false,我喜欢这个。,我鍾意呢個。,,draft_curated,curated_v0.1
TPL-0068,我不太喜欢{np:NP}。,我唔係幾鍾意{np}。,"[""我不太喜欢{np:NP}。""]","[""我唔係幾鍾意{np}。""]","[""NP""]",social,preference_negative,100,[],{},false,我不太喜欢这个。,我唔係幾鍾意呢個。,,draft_curated,curated_v0.1
TPL-0069,别{vp:VP}。,唔好{vp}。,"[""别{vp:VP}。""]","[""唔好{vp}。""]","[""VP""]",general,negative_imperative,100,[],{},false,别担心。,唔使擔心。,lexical_exception_may_override,draft_curated,curated_v0.1
TPL-0070,我要{number:NUMBER}{item:ITEM}。,我要{number}{item}。,"[""我要{number:NUMBER}{item:ITEM}。""]","[""我要{number}{item}。""]","[""NUMBER"",""ITEM""]",restaurant|shopping,order_item,100,[],{},true,我要两杯水。,我要兩杯水。,,draft_curated,curated_v0.1
TPL-0071,不要{item:ITEM}。,唔要{item}。,"[""不要{item:ITEM}。""]","[""唔要{item}。""]","[""ITEM""]",restaurant|shopping,reject_item,100,[],{},false,不要冰。,唔要冰。,,draft_curated,curated_v0.1
TPL-0072,少一点{item:ITEM}。,少啲{item}。,"[""少一点{item:ITEM}。""]","[""少啲{item}。""]","[""ITEM""]",restaurant,preference,95,[],{},false,少一点糖。,少啲糖。,lexical_phrase_can_override_to_少甜,draft_curated,curated_v0.1
TPL-0073,{item:ITEM}可以打包吗？,{item}可唔可以打包呀？,"[""{item:ITEM}可以打包吗？""]","[""{item}可唔可以打包呀？""]","[""ITEM""]",restaurant,takeaway,100,[],{},false,这个可以打包吗？,呢個可唔可以打包呀？,,draft_curated,curated_v0.1
TPL-0074,这里面有{item:ITEM}吗？,呢度入面有冇{item}呀？,"[""这里面有{item:ITEM}吗？""]","[""呢度入面有冇{item}呀？""]","[""ITEM""]",restaurant,allergy_question,100,[],{},false,这里面有花生吗？,呢度入面有冇花生呀？,,draft_curated,curated_v0.1
TPL-0075,我对{item:ITEM}过敏。,我對{item}敏感。,"[""我对{item:ITEM}过敏。""]","[""我對{item}敏感。""]","[""ITEM""]",medical|restaurant,allergy,100,[],{},false,我对花生过敏。,我對花生敏感。,,draft_curated,curated_v0.1
TPL-0076,有{color:ADJ}的吗？,有冇{color}㗎？,"[""有{color:ADJ}的吗？""]","[""有冇{color}㗎？""]","[""ADJ""]",shopping,color_choice,95,[],{},false,有黑色的吗？,有冇黑色㗎？,,draft_curated,curated_v0.1
TPL-0077,有{size:ADJ}一点的吗？,有冇{size}啲㗎？,"[""有{size:ADJ}一点的吗？""]","[""有冇{size}啲㗎？""]","[""ADJ""]",shopping,size_choice,100,[],{},false,有大一点的吗？,有冇大啲㗎？,,draft_curated,curated_v0.1
TPL-0078,我想换{np:NP}。,我想換{np}。,"[""我想换{np:NP}。""]","[""我想換{np}。""]","[""NP""]",shopping,exchange,100,[],{},false,我想换这个。,我想換呢個。,,draft_curated,curated_v0.1
TPL-0079,我想退{np:NP}。,我想退{np}。,"[""我想退{np:NP}。""]","[""我想退{np}。""]","[""NP""]",shopping,return,95,[],{},true,我想退这个。,我想退呢個。,,draft_curated,curated_v0.1
TPL-0080,请在{time:TIME}前{vp:VP}。,唔該喺{time}之前{vp}。,"[""请在{time:TIME}前{vp:VP}。""]","[""唔該喺{time}之前{vp}。""]","[""TIME"",""VP""]",work,deadline,95,[],{},false,请在明天前完成。,唔該喺聽日之前完成。,,draft_curated,curated_v0.1
TPL-0081,{np:NP}什么时候完成？,{np}幾時完成呀？,"[""{np:NP}什么时候完成？""]","[""{np}幾時完成呀？""]","[""NP""]",work,deadline_question,100,[],{},false,这个任务什么时候完成？,呢個任務幾時完成呀？,,draft_curated,curated_v0.1
TPL-0082,{np:NP}由谁负责？,{np}由邊個負責呀？,"[""{np:NP}由谁负责？""]","[""{np}由邊個負責呀？""]","[""NP""]",work,responsibility,100,[],{},false,这个项目由谁负责？,呢個項目由邊個負責呀？,,draft_curated,curated_v0.1
TPL-0083,我会尽快{vp:VP}。,我會盡快{vp}。,"[""我会尽快{vp:VP}。""]","[""我會盡快{vp}。""]","[""VP""]",work,commitment,95,[],{},false,我会尽快回复。,我會盡快覆。,,draft_curated,curated_v0.1
TPL-0084,我还需要{amount:NUMBER}时间。,我仲需要{amount}時間。,"[""我还需要{amount:NUMBER}时间。""]","[""我仲需要{amount}時間。""]","[""NUMBER""]",work,time_needed,95,[],{},false,我还需要一点时间。,我仲需要少少時間。,,draft_curated,curated_v0.1
TPL-0085,我们需要再{vp:VP}。,我哋需要再{vp}。,"[""我们需要再{vp:VP}。""]","[""我哋需要再{vp}。""]","[""VP""]",work,discussion,95,[],{},false,我们需要再讨论。,我哋需要再傾下。,,draft_curated,curated_v0.1
TPL-0086,我{body:NP}痛。,我{body}痛。,"[""我{body:NP}痛。""]","[""我{body}痛。""]","[""NP""]",medical,symptom,100,[],{},true,我头痛。,我頭痛。,,draft_curated,curated_v0.1
TPL-0087,我从{time:TIME}开始{symptom:VP}。,我由{time}開始{symptom}。,"[""我从{time:TIME}开始{symptom:VP}。""]","[""我由{time}開始{symptom}。""]","[""TIME"",""VP""]",medical,symptom_duration,95,[],{},false,我从昨天开始咳嗽。,我由尋日開始咳。,,draft_curated,curated_v0.1
TPL-0088,{symptom:VP}多久了？,{symptom}咗幾耐呀？,"[""{symptom:VP}多久了？""]","[""{symptom}咗幾耐呀？""]","[""VP""]",medical,symptom_duration,100,[],{},false,头痛多久了？,頭痛咗幾耐呀？,,draft_curated,curated_v0.1
TPL-0089,这个药一天吃{number:NUMBER}次。,呢隻藥一日食{number}次。,"[""这个药一天吃{number:NUMBER}次。""]","[""呢隻藥一日食{number}次。""]","[""NUMBER""]",medical,medicine_instruction,100,[],{},false,这个药一天吃三次。,呢隻藥一日食三次。,,draft_curated,curated_v0.1
TPL-0090,我有{condition:NP}。,我有{condition}。,"[""我有{condition:NP}。""]","[""我有{condition}。""]","[""NP""]",medical,medical_history,90,[],{},true,我有高血压。,我有高血壓。,,draft_curated,curated_v0.1
TPL-0091,请联系{person:PERSON}。,唔該聯絡{person}。,"[""请联系{person:PERSON}。""]","[""唔該聯絡{person}。""]","[""PERSON""]",medical,emergency_contact,100,[],{},false,请联系我的家人。,唔該聯絡我屋企人。,,draft_curated,curated_v0.1
FTPL-001,我想{daily_action:daily_action}。,我想{daily_action}。,"[""我想{daily_action:daily_action}。""]","[""我想{daily_action}。""]","[""daily_action""]",basic,want_action,90,[],"{""slot_mode"":""typed_closed_list"",""subject_role"":""unspecified""}",true,我想吃饭。,我想食飯。,Replaces expanded phrase frame 001; old rows=43.,generated_candidate,migrated_from_controlled_frame_v1.0
FTPL-002,我不想{daily_action:daily_action}。,我唔想{daily_action}。,"[""我不想{daily_action:daily_action}。""]","[""我唔想{daily_action}。""]","[""daily_action""]",basic,refuse_action,90,[],"{""slot_mode"":""typed_closed_list"",""subject_role"":""unspecified""}",false,我不想吃饭。,我唔想食飯。,Replaces expanded phrase frame 002; old rows=50.,generated_candidate,migrated_from_controlled_frame_v1.0
FTPL-003,你可以帮我{daily_action:daily_action}吗？,你可唔可以幫我{daily_action}呀？,"[""你可以帮我{daily_action:daily_action}吗？""]","[""你可唔可以幫我{daily_action}呀？""]","[""daily_action""]",basic,request_help,90,[],"{""slot_mode"":""typed_closed_list"",""subject_role"":""unspecified""}",false,你可以帮我吃饭吗？,你可唔可以幫我食飯呀？,Replaces expanded phrase frame 003; old rows=50.,generated_candidate,migrated_from_controlled_frame_v1.0
FTPL-004,请帮我{daily_action:daily_action}。,唔該幫我{daily_action}。,"[""请帮我{daily_action:daily_action}。""]","[""唔該幫我{daily_action}。""]","[""daily_action""]",basic,request_help,90,[],"{""slot_mode"":""typed_closed_list"",""subject_role"":""unspecified""}",false,请帮我吃饭。,唔該幫我食飯。,Replaces expanded phrase frame 004; old rows=50.,generated_candidate,migrated_from_controlled_frame_v1.0
FTPL-005,我还没有{daily_action:daily_action}。,我仲未{daily_action}。,"[""我还没有{daily_action:daily_action}。""]","[""我仲未{daily_action}。""]","[""daily_action""]",basic,not_yet,90,[],"{""slot_mode"":""typed_closed_list"",""subject_role"":""unspecified""}",false,我还没有吃饭。,我仲未食飯。,Replaces expanded phrase frame 005; old rows=49.,generated_candidate,migrated_from_controlled_frame_v1.0
FTPL-006,我已经{daily_action:daily_action}了。,我已經{daily_action}咗。,"[""我已经{daily_action:daily_action}了。""]","[""我已經{daily_action}咗。""]","[""daily_action""]",basic,completed,90,"[{""type"":""aspect_after_head"",""slot"":""daily_action"",""marker"":""咗""}]","{""slot_mode"":""typed_closed_list"",""subject_role"":""unspecified""}",false,我已经吃饭了。,我已經食咗飯。,Replaces expanded phrase frame 006; old rows=49.,generated_candidate,migrated_from_controlled_frame_v1.0
FTPL-007,我正在{daily_action:daily_action}。,我{daily_action}緊。,"[""我正在{daily_action:daily_action}。""]","[""我{daily_action}緊。""]","[""daily_action""]",basic,progressive,90,"[{""type"":""aspect_after_head"",""slot"":""daily_action"",""marker"":""緊""}]","{""slot_mode"":""typed_closed_list"",""subject_role"":""unspecified""}",false,我正在吃饭。,我食緊飯。,Replaces expanded phrase frame 007; old rows=50.,generated_candidate,migrated_from_controlled_frame_v1.0
FTPL-008,你为什么不{daily_action:daily_action}？,你點解唔{daily_action}呀？,"[""你为什么不{daily_action:daily_action}？""]","[""你點解唔{daily_action}呀？""]","[""daily_action""]",basic,why_negative,90,[],"{""slot_mode"":""typed_closed_list"",""subject_role"":""unspecified""}",false,你为什么不吃饭？,你點解唔食飯呀？,Replaces expanded phrase frame 008; old rows=50.,generated_candidate,migrated_from_controlled_frame_v1.0
FTPL-009,你什么时候{daily_action:daily_action}？,你幾時{daily_action}呀？,"[""你什么时候{daily_action:daily_action}？""]","[""你幾時{daily_action}呀？""]","[""daily_action""]",basic,when_question,90,[],"{""slot_mode"":""typed_closed_list"",""subject_role"":""unspecified""}",false,你什么时候吃饭？,你幾時食飯呀？,Replaces expanded phrase frame 009; old rows=50.,generated_candidate,migrated_from_controlled_frame_v1.0
FTPL-010,我们一起{daily_action:daily_action}吧。,我哋一齊{daily_action}啦。,"[""我们一起{daily_action:daily_action}吧。""]","[""我哋一齊{daily_action}啦。""]","[""daily_action""]",basic,suggestion,90,[],"{""slot_mode"":""typed_closed_list"",""subject_role"":""unspecified""}",false,我们一起吃饭吧。,我哋一齊食飯啦。,Replaces expanded phrase frame 010; old rows=49.,generated_candidate,migrated_from_controlled_frame_v1.0
FTPL-011,别忘了{daily_action:daily_action}。,記住要{daily_action}呀。,"[""别忘了{daily_action:daily_action}。""]","[""記住要{daily_action}呀。""]","[""daily_action""]",basic,reminder,90,[],"{""slot_mode"":""typed_closed_list"",""subject_role"":""unspecified""}",false,别忘了吃饭。,記住要食飯呀。,Replaces expanded phrase frame 011; old rows=50.,generated_candidate,migrated_from_controlled_frame_v1.0
FTPL-012,{future_time:future_time}我会{daily_action:daily_action}。,{future_time}我會{daily_action}。,"[""{future_time:future_time}我会{daily_action:daily_action}。""]","[""{future_time}我會{daily_action}。""]","[""future_time"",""daily_action""]",basic,future_action,90,[],"{""slot_mode"":""typed_closed_list"",""subject_role"":""unspecified""}",false,今天我会吃饭。,今日我會食飯。,Replaces expanded phrase frame 012; old rows=104.,generated_candidate,migrated_from_controlled_frame_v1.0
FTPL-013,{future_time:future_time}你有空吗？,{future_time}你得唔得閒呀？,"[""{future_time:future_time}你有空吗？""]","[""{future_time}你得唔得閒呀？""]","[""future_time""]",basic,availability,90,[],"{""slot_mode"":""typed_closed_list"",""subject_role"":""unspecified""}",false,今天你有空吗？,今日你得唔得閒呀？,Replaces expanded phrase frame 013; old rows=21.,generated_candidate,migrated_from_controlled_frame_v1.0
FTPL-014,我不知道{place:place}在哪里。,我唔知{place}喺邊度。,"[""我不知道{place:place}在哪里。""]","[""我唔知{place}喺邊度。""]","[""place""]",basic,location_unknown,90,[],"{""slot_mode"":""typed_closed_list"",""subject_role"":""unspecified""}",false,我不知道机场在哪里。,我唔知機場喺邊度。,Replaces expanded phrase frame 014; old rows=35.,generated_candidate,migrated_from_controlled_frame_v1.0
FTPL-015,我在{place:place}等你。,我喺{place}等你。,"[""我在{place:place}等你。""]","[""我喺{place}等你。""]","[""place""]",basic,meet_wait,90,[],"{""slot_mode"":""typed_closed_list"",""subject_role"":""unspecified""}",false,我在机场等你。,我喺機場等你。,Replaces expanded phrase frame 015; old rows=35.,generated_candidate,migrated_from_controlled_frame_v1.0
FTPL-016,你到{place:place}以后告诉我。,你到咗{place}之後話我知。,"[""你到{place:place}以后告诉我。""]","[""你到咗{place}之後話我知。""]","[""place""]",basic,arrival_notice,90,[],"{""slot_mode"":""typed_closed_list"",""subject_role"":""unspecified""}",false,你到机场以后告诉我。,你到咗機場之後話我知。,Replaces expanded phrase frame 016; old rows=35.,generated_candidate,migrated_from_controlled_frame_v1.0
FTPL-017,我找不到{item:item}。,我搵唔到{item}。,"[""我找不到{item:item}。""]","[""我搵唔到{item}。""]","[""item""]",basic,lost_item,90,[],"{""slot_mode"":""typed_closed_list"",""subject_role"":""unspecified""}",false,我找不到手机。,我搵唔到手機。,Replaces expanded phrase frame 017; old rows=50.,generated_candidate,migrated_from_controlled_frame_v1.0
FTPL-018,{item:item}在哪里？,{item}喺邊度呀？,"[""{item:item}在哪里？""]","[""{item}喺邊度呀？""]","[""item""]",basic,item_location,90,[],"{""slot_mode"":""typed_closed_list"",""subject_role"":""unspecified""}",false,手机在哪里？,手機喺邊度呀？,Replaces expanded phrase frame 018; old rows=50.,generated_candidate,migrated_from_controlled_frame_v1.0
FTPL-019,请把{item:item}给我。,唔該畀{item}我。,"[""请把{item:item}给我。""]","[""唔該畀{item}我。""]","[""item""]",basic,give_item,90,[],"{""slot_mode"":""typed_closed_list"",""subject_role"":""unspecified""}",false,请把手机给我。,唔該畀手機我。,Replaces expanded phrase frame 019; old rows=50.,generated_candidate,migrated_from_controlled_frame_v1.0
FTPL-020,这是{person:person}的{item:item}。,呢個係{person}嘅{item}。,"[""这是{person:person}的{item:item}。""]","[""呢個係{person}嘅{item}。""]","[""person"",""item""]",basic,possession,90,[],"{""slot_mode"":""typed_closed_list"",""subject_role"":""unspecified""}",false,这是我的手机。,呢個係我嘅手機。,Replaces expanded phrase frame 020; old rows=120.,generated_candidate,migrated_from_controlled_frame_v1.0
FTPL-021,我要一份{food:food}。,我要一份{food}。,"[""我要一份{food:food}。""]","[""我要一份{food}。""]","[""food""]",dining,order_food,90,[],"{""slot_mode"":""typed_closed_list"",""subject_role"":""unspecified""}",true,我要一份米饭。,我要一份白飯。,Replaces expanded phrase frame 021; old rows=12.,generated_candidate,migrated_from_controlled_frame_v1.0
FTPL-022,我要一杯{drink_plain:drink_plain}。,我要一杯{drink_plain}。,"[""我要一杯{drink_plain:drink_plain}。""]","[""我要一杯{drink_plain}。""]","[""drink_plain""]",dining,order_drink,90,[],"{""slot_mode"":""typed_closed_list"",""subject_role"":""unspecified""}",true,我要一杯水。,我要一杯水。,Replaces expanded phrase frame 022; old rows=2.,generated_candidate,migrated_from_controlled_frame_v1.0
FTPL-023,请给我{food:food}。,唔該畀份{food}我。,"[""请给我{food:food}。""]","[""唔該畀份{food}我。""]","[""food""]",dining,order_request,90,[],"{""slot_mode"":""typed_closed_list"",""subject_role"":""unspecified""}",false,请给我米饭。,唔該畀份白飯我。,Replaces expanded phrase frame 023; old rows=50.,generated_candidate,migrated_from_controlled_frame_v1.0
FTPL-024,请给我{drink_plain:drink_plain}。,唔該畀{drink_plain}我。,"[""请给我{drink_plain:drink_plain}。""]","[""唔該畀{drink_plain}我。""]","[""drink_plain""]",dining,order_request,90,[],"{""slot_mode"":""typed_closed_list"",""subject_role"":""unspecified""}",false,请给我水。,唔該畀水我。,Replaces expanded phrase frame 024; old rows=19.,generated_candidate,migrated_from_controlled_frame_v1.0
FTPL-025,有没有{food:food}？,有冇{food}呀？,"[""有没有{food:food}？""]","[""有冇{food}呀？""]","[""food""]",dining,availability,90,[],"{""slot_mode"":""typed_closed_list"",""subject_role"":""unspecified""}",false,有没有米饭？,有冇白飯呀？,Replaces expanded phrase frame 025; old rows=50.,generated_candidate,migrated_from_controlled_frame_v1.0
FTPL-026,有没有{drink_plain:drink_plain}？,有冇{drink_plain}呀？,"[""有没有{drink_plain:drink_plain}？""]","[""有冇{drink_plain}呀？""]","[""drink_plain""]",dining,availability,90,[],"{""slot_mode"":""typed_closed_list"",""subject_role"":""unspecified""}",false,有没有水？,有冇水呀？,Replaces expanded phrase frame 026; old rows=19.,generated_candidate,migrated_from_controlled_frame_v1.0
FTPL-027,我不吃{ingredient:ingredient}。,我唔食{ingredient}。,"[""我不吃{ingredient:ingredient}。""]","[""我唔食{ingredient}。""]","[""ingredient""]",dining,dietary_restriction,90,[],"{""slot_mode"":""typed_closed_list"",""subject_role"":""unspecified""}",false,我不吃糖。,我唔食糖。,Replaces expanded phrase frame 027; old rows=20.,generated_candidate,migrated_from_controlled_frame_v1.0
FTPL-028,我对{ingredient:ingredient}过敏。,我對{ingredient}敏感。,"[""我对{ingredient:ingredient}过敏。""]","[""我對{ingredient}敏感。""]","[""ingredient""]",dining,allergy,90,[],"{""slot_mode"":""typed_closed_list"",""subject_role"":""unspecified""}",false,我对糖过敏。,我對糖敏感。,Replaces expanded phrase frame 028; old rows=19.,generated_candidate,migrated_from_controlled_frame_v1.0
FTPL-029,请不要放{ingredient:ingredient}。,唔該唔好落{ingredient}。,"[""请不要放{ingredient:ingredient}。""]","[""唔該唔好落{ingredient}。""]","[""ingredient""]",dining,remove_ingredient,90,[],"{""slot_mode"":""typed_closed_list"",""subject_role"":""unspecified""}",false,请不要放糖。,唔該唔好落糖。,Replaces expanded phrase frame 029; old rows=20.,generated_candidate,migrated_from_controlled_frame_v1.0
FTPL-030,{food:food}不要放{ingredient:ingredient}。,{food}唔好落{ingredient}。,"[""{food:food}不要放{ingredient:ingredient}。""]","[""{food}唔好落{ingredient}。""]","[""food"",""ingredient""]",dining,custom_order,90,[],"{""slot_mode"":""typed_closed_list"",""subject_role"":""unspecified""}",false,米饭不要放糖。,白飯唔好落糖。,Replaces expanded phrase frame 030; old rows=160.,generated_candidate,migrated_from_controlled_frame_v1.0
FTPL-031,{drink_customizable:drink_customizable}少一点{drink_additive:drink_additive}。,{drink_customizable}少啲{drink_additive}。,"[""{drink_customizable:drink_customizable}少一点{drink_additive:drink_additive}。""]","[""{drink_customizable}少啲{drink_additive}。""]","[""drink_customizable"",""drink_additive""]",dining,custom_drink,90,[],"{""slot_mode"":""typed_closed_list"",""subject_role"":""unspecified""}",false,水少一点糖。,水少啲糖。,Replaces expanded phrase frame 031; old rows=48.,generated_candidate,migrated_from_controlled_frame_v1.0
FTPL-032,这个{food:food}好吃吗？,呢份{food}好唔好食呀？,"[""这个{food:food}好吃吗？""]","[""呢份{food}好唔好食呀？""]","[""food""]",dining,quality_question,90,[],"{""slot_mode"":""typed_closed_list"",""subject_role"":""unspecified""}",false,这个米饭好吃吗？,呢份白飯好唔好食呀？,Replaces expanded phrase frame 032; old rows=50.,generated_candidate,migrated_from_controlled_frame_v1.0
FTPL-033,{food:food}什么时候上？,{food}幾時上呀？,"[""{food:food}什么时候上？""]","[""{food}幾時上呀？""]","[""food""]",dining,order_status,90,[],"{""slot_mode"":""typed_closed_list"",""subject_role"":""unspecified""}",false,米饭什么时候上？,白飯幾時上呀？,Replaces expanded phrase frame 033; old rows=50.,generated_candidate,migrated_from_controlled_frame_v1.0
FTPL-034,我点的{food:food}还没来。,我嗌嘅{food}仲未嚟。,"[""我点的{food:food}还没来。""]","[""我嗌嘅{food}仲未嚟。""]","[""food""]",dining,missing_order,90,[],"{""slot_mode"":""typed_closed_list"",""subject_role"":""unspecified""}",false,我点的米饭还没来。,我嗌嘅白飯仲未嚟。,Replaces expanded phrase frame 034; old rows=50.,generated_candidate,migrated_from_controlled_frame_v1.0
FTPL-035,请再给我一份{food:food}。,唔該再畀一份{food}我。,"[""请再给我一份{food:food}。""]","[""唔該再畀一份{food}我。""]","[""food""]",dining,repeat_order,90,[],"{""slot_mode"":""typed_closed_list"",""subject_role"":""unspecified""}",false,请再给我一份米饭。,唔該再畀一份白飯我。,Replaces expanded phrase frame 035; old rows=50.,generated_candidate,migrated_from_controlled_frame_v1.0
FTPL-036,请再给我一杯{drink_plain:drink_plain}。,唔該再畀一杯{drink_plain}我。,"[""请再给我一杯{drink_plain:drink_plain}。""]","[""唔該再畀一杯{drink_plain}我。""]","[""drink_plain""]",dining,repeat_order,90,[],"{""slot_mode"":""typed_closed_list"",""subject_role"":""unspecified""}",false,请再给我一杯水。,唔該再畀一杯水我。,Replaces expanded phrase frame 036; old rows=19.,generated_candidate,migrated_from_controlled_frame_v1.0
FTPL-037,这个{food:food}可以打包吗？,呢份{food}可唔可以拎走呀？,"[""这个{food:food}可以打包吗？""]","[""呢份{food}可唔可以拎走呀？""]","[""food""]",dining,takeaway,90,[],"{""slot_mode"":""typed_closed_list"",""subject_role"":""unspecified""}",false,这个米饭可以打包吗？,呢份白飯可唔可以拎走呀？,Replaces expanded phrase frame 037; old rows=50.,generated_candidate,migrated_from_controlled_frame_v1.0
FTPL-038,请把{food:food}分开装。,唔該將{food}分開裝。,"[""请把{food:food}分开装。""]","[""唔該將{food}分開裝。""]","[""food""]",dining,packing_request,90,[],"{""slot_mode"":""typed_closed_list"",""subject_role"":""unspecified""}",false,请把米饭分开装。,唔該將白飯分開裝。,Replaces expanded phrase frame 038; old rows=50.,generated_candidate,migrated_from_controlled_frame_v1.0
FTPL-039,我想换成{food:food}。,我想轉做{food}。,"[""我想换成{food:food}。""]","[""我想轉做{food}。""]","[""food""]",dining,change_order,90,[],"{""slot_mode"":""typed_closed_list"",""subject_role"":""unspecified""}",false,我想换成米饭。,我想轉做白飯。,Replaces expanded phrase frame 039; old rows=50.,generated_candidate,migrated_from_controlled_frame_v1.0
FTPL-040,这里可以点{food:food}吗？,呢度可唔可以嗌{food}呀？,"[""这里可以点{food:food}吗？""]","[""呢度可唔可以嗌{food}呀？""]","[""food""]",dining,menu_question,90,[],"{""slot_mode"":""typed_closed_list"",""subject_role"":""unspecified""}",false,这里可以点米饭吗？,呢度可唔可以嗌白飯呀？,Replaces expanded phrase frame 040; old rows=50.,generated_candidate,migrated_from_controlled_frame_v1.0
FTPL-041,我想买{product_item:product_item}。,我想買{product_item}。,"[""我想买{product_item:product_item}。""]","[""我想買{product_item}。""]","[""product_item""]",shopping,buy_item,90,[],"{""slot_mode"":""typed_closed_list"",""subject_role"":""unspecified""}",false,我想买手机。,我想買手機。,Replaces expanded phrase frame 041; old rows=10.,generated_candidate,migrated_from_controlled_frame_v1.0
FTPL-042,你们有没有{product_item:product_item}？,你哋有冇{product_item}呀？,"[""你们有没有{product_item:product_item}？""]","[""你哋有冇{product_item}呀？""]","[""product_item""]",shopping,availability,90,[],"{""slot_mode"":""typed_closed_list"",""subject_role"":""unspecified""}",false,你们有没有手机？,你哋有冇手機呀？,Replaces expanded phrase frame 042; old rows=34.,generated_candidate,migrated_from_controlled_frame_v1.0
FTPL-043,这个{product_item:product_item}多少钱？,呢個{product_item}幾多錢呀？,"[""这个{product_item:product_item}多少钱？""]","[""呢個{product_item}幾多錢呀？""]","[""product_item""]",shopping,price,90,[],"{""slot_mode"":""typed_closed_list"",""subject_role"":""unspecified""}",false,这个手机多少钱？,呢個手機幾多錢呀？,Replaces expanded phrase frame 043; old rows=34.,generated_candidate,migrated_from_controlled_frame_v1.0
FTPL-044,我可以试一下{tryable_item:tryable_item}吗？,我可唔可以試下{tryable_item}呀？,"[""我可以试一下{tryable_item:tryable_item}吗？""]","[""我可唔可以試下{tryable_item}呀？""]","[""tryable_item""]",shopping,try_item,90,[],"{""slot_mode"":""typed_closed_list"",""subject_role"":""unspecified""}",false,我可以试一下耳机吗？,我可唔可以試下耳機呀？,Replaces expanded phrase frame 044; old rows=28.,generated_candidate,migrated_from_controlled_frame_v1.0
FTPL-045,这个{product_item:product_item}可以退吗？,呢個{product_item}可唔可以退呀？,"[""这个{product_item:product_item}可以退吗？""]","[""呢個{product_item}可唔可以退呀？""]","[""product_item""]",shopping,return_policy,90,[],"{""slot_mode"":""typed_closed_list"",""subject_role"":""unspecified""}",false,这个手机可以退吗？,呢個手機可唔可以退呀？,Replaces expanded phrase frame 045; old rows=34.,generated_candidate,migrated_from_controlled_frame_v1.0
FTPL-046,这个{warranty_item:warranty_item}有保修吗？,呢個{warranty_item}有冇保養呀？,"[""这个{warranty_item:warranty_item}有保修吗？""]","[""呢個{warranty_item}有冇保養呀？""]","[""warranty_item""]",shopping,warranty,90,[],"{""slot_mode"":""typed_closed_list"",""subject_role"":""unspecified""}",false,这个手机有保修吗？,呢個手機有冇保養呀？,Replaces expanded phrase frame 046; old rows=11.,generated_candidate,migrated_from_controlled_frame_v1.0
FTPL-047,我想换一个{product_item:product_item}。,我想換一個{product_item}。,"[""我想换一个{product_item:product_item}。""]","[""我想換一個{product_item}。""]","[""product_item""]",shopping,exchange,90,[],"{""slot_mode"":""typed_closed_list"",""subject_role"":""unspecified""}",false,我想换一个手机。,我想換一個手機。,Replaces expanded phrase frame 047; old rows=10.,generated_candidate,migrated_from_controlled_frame_v1.0
FTPL-048,有没有{color:color}的{clothes:clothes}？,有冇{color}嘅{clothes}呀？,"[""有没有{color:color}的{clothes:clothes}？""]","[""有冇{color}嘅{clothes}呀？""]","[""color"",""clothes""]",shopping,color_choice,90,[],"{""slot_mode"":""typed_closed_list"",""subject_role"":""unspecified""}",false,有没有黑色的上衣？,有冇黑色嘅上身衫呀？,Replaces expanded phrase frame 048; old rows=180.,generated_candidate,migrated_from_controlled_frame_v1.0
FTPL-049,我要{size:size}的{clothes:clothes}。,我要{size}嘅{clothes}。,"[""我要{size:size}的{clothes:clothes}。""]","[""我要{size}嘅{clothes}。""]","[""size"",""clothes""]",shopping,size_choice,90,[],"{""slot_mode"":""typed_closed_list"",""subject_role"":""unspecified""}",false,我要小号的上衣。,我要細碼嘅上身衫。,Replaces expanded phrase frame 049; old rows=150.,generated_candidate,migrated_from_controlled_frame_v1.0
FTPL-050,这件{clothes:clothes}太大了。,呢件{clothes}太大喇。,"[""这件{clothes:clothes}太大了。""]","[""呢件{clothes}太大喇。""]","[""clothes""]",shopping,size_problem,90,[],"{""slot_mode"":""typed_closed_list"",""subject_role"":""unspecified""}",false,这件上衣太大了。,呢件上身衫太大喇。,Replaces expanded phrase frame 050; old rows=25.,generated_candidate,migrated_from_controlled_frame_v1.0
FTPL-051,这件{clothes:clothes}太小了。,呢件{clothes}太細喇。,"[""这件{clothes:clothes}太小了。""]","[""呢件{clothes}太細喇。""]","[""clothes""]",shopping,size_problem,90,[],"{""slot_mode"":""typed_closed_list"",""subject_role"":""unspecified""}",false,这件上衣太小了。,呢件上身衫太細喇。,Replaces expanded phrase frame 051; old rows=25.,generated_candidate,migrated_from_controlled_frame_v1.0
FTPL-052,有没有大一点的{clothes:clothes}？,有冇大啲嘅{clothes}呀？,"[""有没有大一点的{clothes:clothes}？""]","[""有冇大啲嘅{clothes}呀？""]","[""clothes""]",shopping,larger_size,90,[],"{""slot_mode"":""typed_closed_list"",""subject_role"":""unspecified""}",false,有没有大一点的上衣？,有冇大啲嘅上身衫呀？,Replaces expanded phrase frame 052; old rows=25.,generated_candidate,migrated_from_controlled_frame_v1.0
FTPL-053,有没有小一点的{clothes:clothes}？,有冇細啲嘅{clothes}呀？,"[""有没有小一点的{clothes:clothes}？""]","[""有冇細啲嘅{clothes}呀？""]","[""clothes""]",shopping,smaller_size,90,[],"{""slot_mode"":""typed_closed_list"",""subject_role"":""unspecified""}",false,有没有小一点的上衣？,有冇細啲嘅上身衫呀？,Replaces expanded phrase frame 053; old rows=25.,generated_candidate,migrated_from_controlled_frame_v1.0
FTPL-054,这个{product_item:product_item}能便宜一点吗？,呢個{product_item}可唔可以平啲呀？,"[""这个{product_item:product_item}能便宜一点吗？""]","[""呢個{product_item}可唔可以平啲呀？""]","[""product_item""]",shopping,bargain,90,[],"{""slot_mode"":""typed_closed_list"",""subject_role"":""unspecified""}",false,这个手机能便宜一点吗？,呢個手機可唔可以平啲呀？,Replaces expanded phrase frame 054; old rows=34.,generated_candidate,migrated_from_controlled_frame_v1.0
FTPL-055,我只要这个{product_item:product_item}。,我淨係要呢個{product_item}。,"[""我只要这个{product_item:product_item}。""]","[""我淨係要呢個{product_item}。""]","[""product_item""]",shopping,select_item,90,[],"{""slot_mode"":""typed_closed_list"",""subject_role"":""unspecified""}",false,我只要这个手机。,我淨係要呢個手機。,Replaces expanded phrase frame 055; old rows=34.,generated_candidate,migrated_from_controlled_frame_v1.0
FTPL-056,请把{product_item:product_item}装进袋子。,唔該將{product_item}放入袋。,"[""请把{product_item:product_item}装进袋子。""]","[""唔該將{product_item}放入袋。""]","[""product_item""]",shopping,packing,90,[],"{""slot_mode"":""typed_closed_list"",""subject_role"":""unspecified""}",false,请把手机装进袋子。,唔該將手機放入袋。,Replaces expanded phrase frame 056; old rows=34.,generated_candidate,migrated_from_controlled_frame_v1.0
FTPL-057,这个{product_item:product_item}可以刷卡吗？,買呢個{product_item}可唔可以碌卡呀？,"[""这个{product_item:product_item}可以刷卡吗？""]","[""買呢個{product_item}可唔可以碌卡呀？""]","[""product_item""]",shopping,payment,90,[],"{""slot_mode"":""typed_closed_list"",""subject_role"":""unspecified""}",false,这个手机可以刷卡吗？,買呢個手機可唔可以碌卡呀？,Replaces expanded phrase frame 057; old rows=34.,generated_candidate,migrated_from_controlled_frame_v1.0
FTPL-058,我想看看别的{product_item:product_item}。,我想睇下其他{product_item}。,"[""我想看看别的{product_item:product_item}。""]","[""我想睇下其他{product_item}。""]","[""product_item""]",shopping,browse_more,90,[],"{""slot_mode"":""typed_closed_list"",""subject_role"":""unspecified""}",false,我想看看别的手机。,我想睇下其他手機。,Replaces expanded phrase frame 058; old rows=34.,generated_candidate,migrated_from_controlled_frame_v1.0
FTPL-059,这个{brand_item:brand_item}是什么牌子？,呢個{brand_item}係咩牌子呀？,"[""这个{brand_item:brand_item}是什么牌子？""]","[""呢個{brand_item}係咩牌子呀？""]","[""brand_item""]",shopping,brand_question,90,[],"{""slot_mode"":""typed_closed_list"",""subject_role"":""unspecified""}",false,这个手机是什么牌子？,呢個手機係咩牌子呀？,Replaces expanded phrase frame 059; old rows=15.,generated_candidate,migrated_from_controlled_frame_v1.0
FTPL-060,这个{product_item:product_item}有别的颜色吗？,呢個{product_item}有冇其他顏色呀？,"[""这个{product_item:product_item}有别的颜色吗？""]","[""呢個{product_item}有冇其他顏色呀？""]","[""product_item""]",shopping,other_colors,90,[],"{""slot_mode"":""typed_closed_list"",""subject_role"":""unspecified""}",false,这个手机有别的颜色吗？,呢個手機有冇其他顏色呀？,Replaces expanded phrase frame 060; old rows=34.,generated_candidate,migrated_from_controlled_frame_v1.0
FTPL-061,我要去{place:place}。,我要去{place}。,"[""我要去{place:place}。""]","[""我要去{place}。""]","[""place""]",transport,destination,90,[],"{""slot_mode"":""typed_closed_list"",""subject_role"":""unspecified""}",true,我要去机场。,我要去機場。,Replaces expanded phrase frame 061; old rows=8.,generated_candidate,migrated_from_controlled_frame_v1.0
FTPL-062,怎么去{place:place}？,點去{place}呀？,"[""怎么去{place:place}？""]","[""點去{place}呀？""]","[""place""]",transport,directions,90,[],"{""slot_mode"":""typed_closed_list"",""subject_role"":""unspecified""}",false,怎么去机场？,點去機場呀？,Replaces expanded phrase frame 062; old rows=33.,generated_candidate,migrated_from_controlled_frame_v1.0
FTPL-063,从这里到{place:place}要多久？,由呢度去{place}要幾耐呀？,"[""从这里到{place:place}要多久？""]","[""由呢度去{place}要幾耐呀？""]","[""place""]",transport,duration,90,[],"{""slot_mode"":""typed_closed_list"",""subject_role"":""unspecified""}",false,从这里到机场要多久？,由呢度去機場要幾耐呀？,Replaces expanded phrase frame 063; old rows=35.,generated_candidate,migrated_from_controlled_frame_v1.0
FTPL-064,从这里到{place:place}多少钱？,由呢度去{place}要幾多錢呀？,"[""从这里到{place:place}多少钱？""]","[""由呢度去{place}要幾多錢呀？""]","[""place""]",transport,fare,90,[],"{""slot_mode"":""typed_closed_list"",""subject_role"":""unspecified""}",false,从这里到机场多少钱？,由呢度去機場要幾多錢呀？,Replaces expanded phrase frame 064; old rows=35.,generated_candidate,migrated_from_controlled_frame_v1.0
FTPL-065,这班车到{route_place:route_place}吗？,呢班車去唔去{route_place}呀？,"[""这班车到{route_place:route_place}吗？""]","[""呢班車去唔去{route_place}呀？""]","[""route_place""]",transport,route_question,90,[],"{""slot_mode"":""typed_closed_list"",""subject_role"":""unspecified""}",false,这班车到机场吗？,呢班車去唔去機場呀？,Replaces expanded phrase frame 065; old rows=25.,generated_candidate,migrated_from_controlled_frame_v1.0
FTPL-066,请在{route_place:route_place}停车。,唔該喺{route_place}停車。,"[""请在{route_place:route_place}停车。""]","[""唔該喺{route_place}停車。""]","[""route_place""]",transport,stop_request,90,[],"{""slot_mode"":""typed_closed_list"",""subject_role"":""unspecified""}",false,请在机场停车。,唔該喺機場停車。,Replaces expanded phrase frame 066; old rows=25.,generated_candidate,migrated_from_controlled_frame_v1.0
FTPL-067,到了{route_place:route_place}请告诉我。,到咗{route_place}唔該話我知。,"[""到了{route_place:route_place}请告诉我。""]","[""到咗{route_place}唔該話我知。""]","[""route_place""]",transport,arrival_alert,90,[],"{""slot_mode"":""typed_closed_list"",""subject_role"":""unspecified""}",false,到了机场请告诉我。,到咗機場唔該話我知。,Replaces expanded phrase frame 067; old rows=25.,generated_candidate,migrated_from_controlled_frame_v1.0
FTPL-068,去{route_place:route_place}应该在哪一站下车？,去{route_place}應該喺邊個站落車呀？,"[""去{route_place:route_place}应该在哪一站下车？""]","[""去{route_place}應該喺邊個站落車呀？""]","[""route_place""]",transport,stop_question,90,[],"{""slot_mode"":""typed_closed_list"",""subject_role"":""unspecified""}",false,去机场应该在哪一站下车？,去機場應該喺邊個站落車呀？,Replaces expanded phrase frame 068; old rows=25.,generated_candidate,migrated_from_controlled_frame_v1.0
FTPL-069,去{route_place:route_place}需要转车吗？,去{route_place}使唔使轉車呀？,"[""去{route_place:route_place}需要转车吗？""]","[""去{route_place}使唔使轉車呀？""]","[""route_place""]",transport,transfer_question,90,[],"{""slot_mode"":""typed_closed_list"",""subject_role"":""unspecified""}",false,去机场需要转车吗？,去機場使唔使轉車呀？,Replaces expanded phrase frame 069; old rows=25.,generated_candidate,migrated_from_controlled_frame_v1.0
FTPL-070,{time:time}还有车去{route_place:route_place}吗？,{time}仲有冇車去{route_place}呀？,"[""{time:time}还有车去{route_place:route_place}吗？""]","[""{time}仲有冇車去{route_place}呀？""]","[""time"",""route_place""]",transport,late_service,90,[],"{""slot_mode"":""typed_closed_list"",""subject_role"":""unspecified""}",false,今天还有车去机场吗？,今日仲有冇車去機場呀？,Replaces expanded phrase frame 070; old rows=110.,generated_candidate,migrated_from_controlled_frame_v1.0
FTPL-071,我想买去{ticket_place:ticket_place}的票。,我想買去{ticket_place}嘅飛。,"[""我想买去{ticket_place:ticket_place}的票。""]","[""我想買去{ticket_place}嘅飛。""]","[""ticket_place""]",transport,ticket,90,[],"{""slot_mode"":""typed_closed_list"",""subject_role"":""unspecified""}",false,我想买去机场的票。,我想買去機場嘅飛。,Replaces expanded phrase frame 071; old rows=7.,generated_candidate,migrated_from_controlled_frame_v1.0
FTPL-072,去{ticket_place:ticket_place}的车票多少钱？,去{ticket_place}嘅車飛幾多錢呀？,"[""去{ticket_place:ticket_place}的车票多少钱？""]","[""去{ticket_place}嘅車飛幾多錢呀？""]","[""ticket_place""]",transport,ticket_price,90,[],"{""slot_mode"":""typed_closed_list"",""subject_role"":""unspecified""}",false,去机场的车票多少钱？,去機場嘅車飛幾多錢呀？,Replaces expanded phrase frame 072; old rows=7.,generated_candidate,migrated_from_controlled_frame_v1.0
FTPL-073,下一班去{ticket_place:ticket_place}的车几点开？,下一班去{ticket_place}嘅車幾點開呀？,"[""下一班去{ticket_place:ticket_place}的车几点开？""]","[""下一班去{ticket_place}嘅車幾點開呀？""]","[""ticket_place""]",transport,departure_time,90,[],"{""slot_mode"":""typed_closed_list"",""subject_role"":""unspecified""}",false,下一班去机场的车几点开？,下一班去機場嘅車幾點開呀？,Replaces expanded phrase frame 073; old rows=7.,generated_candidate,migrated_from_controlled_frame_v1.0
FTPL-074,从{place:place}回来怎么走？,由{place}返嚟點行呀？,"[""从{place:place}回来怎么走？""]","[""由{place}返嚟點行呀？""]","[""place""]",transport,return_directions,90,[],"{""slot_mode"":""typed_closed_list"",""subject_role"":""unspecified""}",false,从机场回来怎么走？,由機場返嚟點行呀？,Replaces expanded phrase frame 074; old rows=35.,generated_candidate,migrated_from_controlled_frame_v1.0
FTPL-075,我在{place:place}迷路了。,我喺{place}蕩失路。,"[""我在{place:place}迷路了。""]","[""我喺{place}蕩失路。""]","[""place""]",transport,lost,90,[],"{""slot_mode"":""typed_closed_list"",""subject_role"":""unspecified""}",false,我在机场迷路了。,我喺機場蕩失路。,Replaces expanded phrase frame 075; old rows=35.,generated_candidate,migrated_from_controlled_frame_v1.0
FTPL-076,{place:place}离这里远吗？,{place}離呢度遠唔遠呀？,"[""{place:place}离这里远吗？""]","[""{place}離呢度遠唔遠呀？""]","[""place""]",transport,distance,90,[],"{""slot_mode"":""typed_closed_list"",""subject_role"":""unspecified""}",false,机场离这里远吗？,機場離呢度遠唔遠呀？,Replaces expanded phrase frame 076; old rows=35.,generated_candidate,migrated_from_controlled_frame_v1.0
FTPL-077,可以送我到{route_place:route_place}吗？,可唔可以車我去{route_place}呀？,"[""可以送我到{route_place:route_place}吗？""]","[""可唔可以車我去{route_place}呀？""]","[""route_place""]",transport,ride_request,90,[],"{""slot_mode"":""typed_closed_list"",""subject_role"":""unspecified""}",false,可以送我到机场吗？,可唔可以車我去機場呀？,Replaces expanded phrase frame 077; old rows=25.,generated_candidate,migrated_from_controlled_frame_v1.0
FTPL-078,请走最快的路线去{route_place:route_place}。,唔該行最快嗰條路去{route_place}。,"[""请走最快的路线去{route_place:route_place}。""]","[""唔該行最快嗰條路去{route_place}。""]","[""route_place""]",transport,route_preference,90,[],"{""slot_mode"":""typed_closed_list"",""subject_role"":""unspecified""}",false,请走最快的路线去机场。,唔該行最快嗰條路去機場。,Replaces expanded phrase frame 078; old rows=25.,generated_candidate,migrated_from_controlled_frame_v1.0
FTPL-079,请不要走高速去{route_place:route_place}。,唔該唔好行高速去{route_place}。,"[""请不要走高速去{route_place:route_place}。""]","[""唔該唔好行高速去{route_place}。""]","[""route_place""]",transport,route_avoid,90,[],"{""slot_mode"":""typed_closed_list"",""subject_role"":""unspecified""}",false,请不要走高速去机场。,唔該唔好行高速去機場。,Replaces expanded phrase frame 079; old rows=25.,generated_candidate,migrated_from_controlled_frame_v1.0
FTPL-080,我在{place:place}等车。,我喺{place}等車。,"[""我在{place:place}等车。""]","[""我喺{place}等車。""]","[""place""]",transport,waiting,90,[],"{""slot_mode"":""typed_closed_list"",""subject_role"":""unspecified""}",false,我在机场等车。,我喺機場等車。,Replaces expanded phrase frame 080; old rows=35.,generated_candidate,migrated_from_controlled_frame_v1.0
FTPL-081,房间里没有{room_item:room_item}。,間房冇{room_item}。,"[""房间里没有{room_item:room_item}。""]","[""間房冇{room_item}。""]","[""room_item""]",hotel,missing_amenity,90,[],"{""slot_mode"":""typed_closed_list"",""subject_role"":""unspecified""}",false,房间里没有热水。,間房冇熱水。,Replaces expanded phrase frame 081; old rows=25.,generated_candidate,migrated_from_controlled_frame_v1.0
FTPL-082,房间里的{room_item:room_item}坏了。,間房嘅{room_item}壞咗。,"[""房间里的{room_item:room_item}坏了。""]","[""間房嘅{room_item}壞咗。""]","[""room_item""]",hotel,broken_amenity,90,[],"{""slot_mode"":""typed_closed_list"",""subject_role"":""unspecified""}",false,房间里的热水坏了。,間房嘅熱水壞咗。,Replaces expanded phrase frame 082; old rows=25.,generated_candidate,migrated_from_controlled_frame_v1.0
FTPL-083,请送{requestable_room_item:requestable_room_item}到房间。,唔該送{requestable_room_item}上房。,"[""请送{requestable_room_item:requestable_room_item}到房间。""]","[""唔該送{requestable_room_item}上房。""]","[""requestable_room_item""]",hotel,amenity_request,90,[],"{""slot_mode"":""typed_closed_list"",""subject_role"":""staff""}",false,请送热水到房间。,唔該送熱水上房。,Replaces expanded phrase frame 083; old rows=13.,generated_candidate,migrated_from_controlled_frame_v1.0
FTPL-084,我需要{requestable_room_item:requestable_room_item}。,我需要{requestable_room_item}。,"[""我需要{requestable_room_item:requestable_room_item}。""]","[""我需要{requestable_room_item}。""]","[""requestable_room_item""]",hotel,amenity_request,90,[],"{""slot_mode"":""typed_closed_list"",""subject_role"":""staff""}",true,我需要热水。,我需要熱水。,Replaces expanded phrase frame 084; old rows=6.,generated_candidate,migrated_from_controlled_frame_v1.0
FTPL-085,请帮我{service:service}。,唔該幫我{service}。,"[""请帮我{service:service}。""]","[""唔該幫我{service}。""]","[""service""]",hotel,service_request,90,[],"{""slot_mode"":""typed_closed_list"",""subject_role"":""staff""}",false,请帮我叫出租车。,唔該幫我叫的士。,Replaces expanded phrase frame 085; old rows=23.,generated_candidate,migrated_from_controlled_frame_v1.0
FTPL-086,这里可以{service:service}吗？,呢度可唔可以{service}呀？,"[""这里可以{service:service}吗？""]","[""呢度可唔可以{service}呀？""]","[""service""]",hotel,service_availability,90,[],"{""slot_mode"":""typed_closed_list"",""subject_role"":""unspecified""}",false,这里可以叫出租车吗？,呢度可唔可以叫的士呀？,Replaces expanded phrase frame 086; old rows=25.,generated_candidate,migrated_from_controlled_frame_v1.0
FTPL-087,{measurable_service:measurable_service}要多少钱？,{measurable_service}要幾多錢呀？,"[""{measurable_service:measurable_service}要多少钱？""]","[""{measurable_service}要幾多錢呀？""]","[""measurable_service""]",hotel,service_price,90,[],"{""slot_mode"":""typed_closed_list"",""subject_role"":""unspecified""}",false,叫出租车要多少钱？,叫的士要幾多錢呀？,Replaces expanded phrase frame 087; old rows=16.,generated_candidate,migrated_from_controlled_frame_v1.0
FTPL-088,{measurable_service:measurable_service}需要多久？,{measurable_service}要幾耐呀？,"[""{measurable_service:measurable_service}需要多久？""]","[""{measurable_service}要幾耐呀？""]","[""measurable_service""]",hotel,service_duration,90,[],"{""slot_mode"":""typed_closed_list"",""subject_role"":""unspecified""}",false,叫出租车需要多久？,叫的士要幾耐呀？,Replaces expanded phrase frame 088; old rows=16.,generated_candidate,migrated_from_controlled_frame_v1.0
FTPL-089,我想在{schedule_time:schedule_time}{scheduled_service:scheduled_service}。,我想喺{schedule_time}{scheduled_service}。,"[""我想在{schedule_time:schedule_time}{scheduled_service:scheduled_service}。""]","[""我想喺{schedule_time}{scheduled_service}。""]","[""schedule_time"",""scheduled_service""]",hotel,service_schedule,90,[],"{""slot_mode"":""typed_closed_list"",""subject_role"":""unspecified""}",false,我想在今天叫出租车。,我想喺今日叫的士。,Replaces expanded phrase frame 089; old rows=90.,generated_candidate,migrated_from_controlled_frame_v1.0
FTPL-090,我预订了{booking_time:booking_time}的房间。,我訂咗{booking_time}嘅房。,"[""我预订了{booking_time:booking_time}的房间。""]","[""我訂咗{booking_time}嘅房。""]","[""booking_time""]",hotel,reservation,90,[],"{""slot_mode"":""typed_closed_list"",""subject_role"":""unspecified""}",false,我预订了今天的房间。,我訂咗今日嘅房。,Replaces expanded phrase frame 090; old rows=8.,generated_candidate,migrated_from_controlled_frame_v1.0
FTPL-091,我想把退房时间改到{checkout_time:checkout_time}。,我想將退房時間改到{checkout_time}。,"[""我想把退房时间改到{checkout_time:checkout_time}。""]","[""我想將退房時間改到{checkout_time}。""]","[""checkout_time""]",hotel,late_checkout,90,[],"{""slot_mode"":""typed_closed_list"",""subject_role"":""unspecified""}",false,我想把退房时间改到今天。,我想將退房時間改到今日。,Replaces expanded phrase frame 091; old rows=6.,generated_candidate,migrated_from_controlled_frame_v1.0
FTPL-092,请在{schedule_time:schedule_time}叫醒我。,唔該{schedule_time}叫醒我。,"[""请在{schedule_time:schedule_time}叫醒我。""]","[""唔該{schedule_time}叫醒我。""]","[""schedule_time""]",hotel,wake_call,90,[],"{""slot_mode"":""typed_closed_list"",""subject_role"":""staff""}",false,请在今天叫醒我。,唔該今日叫醒我。,Replaces expanded phrase frame 092; old rows=18.,generated_candidate,migrated_from_controlled_frame_v1.0
FTPL-093,我把{storage_item:storage_item}落在房间了。,我漏低咗{storage_item}喺間房。,"[""我把{storage_item:storage_item}落在房间了。""]","[""我漏低咗{storage_item}喺間房。""]","[""storage_item""]",hotel,left_item,90,[],"{""slot_mode"":""typed_closed_list"",""subject_role"":""unspecified""}",false,我把手机落在房间了。,我漏低咗手機喺間房。,Replaces expanded phrase frame 093; old rows=21.,generated_candidate,migrated_from_controlled_frame_v1.0
FTPL-094,前台有没有{storage_item:storage_item}？,前台有冇{storage_item}呀？,"[""前台有没有{storage_item:storage_item}？""]","[""前台有冇{storage_item}呀？""]","[""storage_item""]",hotel,front_desk_item,90,[],"{""slot_mode"":""typed_closed_list"",""subject_role"":""unspecified""}",false,前台有没有手机？,前台有冇手機呀？,Replaces expanded phrase frame 094; old rows=21.,generated_candidate,migrated_from_controlled_frame_v1.0
FTPL-095,请保管我的{storage_item:storage_item}。,唔該幫我保管{storage_item}。,"[""请保管我的{storage_item:storage_item}。""]","[""唔該幫我保管{storage_item}。""]","[""storage_item""]",hotel,storage,90,[],"{""slot_mode"":""typed_closed_list"",""subject_role"":""unspecified""}",false,请保管我的手机。,唔該幫我保管手機。,Replaces expanded phrase frame 095; old rows=21.,generated_candidate,migrated_from_controlled_frame_v1.0
FTPL-096,我想把{storage_item:storage_item}寄存在这里。,我想將{storage_item}寄存喺呢度。,"[""我想把{storage_item:storage_item}寄存在这里。""]","[""我想將{storage_item}寄存喺呢度。""]","[""storage_item""]",hotel,storage,90,[],"{""slot_mode"":""typed_closed_list"",""subject_role"":""unspecified""}",false,我想把手机寄存在这里。,我想將手機寄存喺呢度。,Replaces expanded phrase frame 096; old rows=21.,generated_candidate,migrated_from_controlled_frame_v1.0
FTPL-097,请把{document:document}发给我。,唔該將{document}send畀我。,"[""请把{document:document}发给我。""]","[""唔該將{document}send畀我。""]","[""document""]",work,send_document,90,[],"{""slot_mode"":""typed_closed_list"",""subject_role"":""unspecified""}",false,请把文件发给我。,唔該將文件send畀我。,Replaces expanded phrase frame 097; old rows=29.,generated_candidate,migrated_from_controlled_frame_v1.0
FTPL-098,我已经看过{document:document}了。,我已經睇過{document}喇。,"[""我已经看过{document:document}了。""]","[""我已經睇過{document}喇。""]","[""document""]",work,reviewed_document,90,[],"{""slot_mode"":""typed_closed_list"",""subject_role"":""unspecified""}",false,我已经看过文件了。,我已經睇過文件喇。,Replaces expanded phrase frame 098; old rows=30.,generated_candidate,migrated_from_controlled_frame_v1.0
FTPL-099,我还没有收到{document:document}。,我仲未收到{document}。,"[""我还没有收到{document:document}。""]","[""我仲未收到{document}。""]","[""document""]",work,missing_document,90,[],"{""slot_mode"":""typed_closed_list"",""subject_role"":""unspecified""}",false,我还没有收到文件。,我仲未收到文件。,Replaces expanded phrase frame 099; old rows=30.,generated_candidate,migrated_from_controlled_frame_v1.0
FTPL-100,请确认{document:document}。,唔該確認{document}。,"[""请确认{document:document}。""]","[""唔該確認{document}。""]","[""document""]",work,confirm_document,90,[],"{""slot_mode"":""typed_closed_list"",""subject_role"":""unspecified""}",false,请确认文件。,唔該確認文件。,Replaces expanded phrase frame 100; old rows=30.,generated_candidate,migrated_from_controlled_frame_v1.0
FTPL-101,我需要修改{document:document}。,我需要改{document}。,"[""我需要修改{document:document}。""]","[""我需要改{document}。""]","[""document""]",work,modify_document,90,[],"{""slot_mode"":""typed_closed_list"",""subject_role"":""unspecified""}",false,我需要修改文件。,我需要改文件。,Replaces expanded phrase frame 101; old rows=30.,generated_candidate,migrated_from_controlled_frame_v1.0
FTPL-102,{deliverable_document:deliverable_document}什么时候完成？,{deliverable_document}幾時完成呀？,"[""{deliverable_document:deliverable_document}什么时候完成？""]","[""{deliverable_document}幾時完成呀？""]","[""deliverable_document""]",work,deadline,90,[],"{""slot_mode"":""typed_closed_list"",""subject_role"":""unspecified""}",false,文件什么时候完成？,文件幾時完成呀？,Replaces expanded phrase frame 102; old rows=20.,generated_candidate,migrated_from_controlled_frame_v1.0
FTPL-103,{document:document}有问题。,{document}有問題。,"[""{document:document}有问题。""]","[""{document}有問題。""]","[""document""]",work,document_problem,90,[],"{""slot_mode"":""typed_closed_list"",""subject_role"":""unspecified""}",false,文件有问题。,文件有問題。,Replaces expanded phrase frame 103; old rows=8.,generated_candidate,migrated_from_controlled_frame_v1.0
FTPL-104,请重新发送{document:document}。,唔該重新send{document}。,"[""请重新发送{document:document}。""]","[""唔該重新send{document}。""]","[""document""]",work,resend_document,90,[],"{""slot_mode"":""typed_closed_list"",""subject_role"":""unspecified""}",false,请重新发送文件。,唔該重新send文件。,Replaces expanded phrase frame 104; old rows=30.,generated_candidate,migrated_from_controlled_frame_v1.0
FTPL-105,请把{document:document}打印出来。,唔該印{document}出嚟。,"[""请把{document:document}打印出来。""]","[""唔該印{document}出嚟。""]","[""document""]",work,print_document,90,[],"{""slot_mode"":""typed_closed_list"",""subject_role"":""unspecified""}",false,请把文件打印出来。,唔該印文件出嚟。,Replaces expanded phrase frame 105; old rows=30.,generated_candidate,migrated_from_controlled_frame_v1.0
FTPL-106,我把{document:document}放在附件里了。,我將{document}放咗喺附件。,"[""我把{document:document}放在附件里了。""]","[""我將{document}放咗喺附件。""]","[""document""]",work,attachment,90,[],"{""slot_mode"":""typed_closed_list"",""subject_role"":""unspecified""}",false,我把文件放在附件里了。,我將文件放咗喺附件。,Replaces expanded phrase frame 106; old rows=30.,generated_candidate,migrated_from_controlled_frame_v1.0
FTPL-107,我今天要{work_action:work_action}。,我今日要{work_action}。,"[""我今天要{work_action:work_action}。""]","[""我今日要{work_action}。""]","[""work_action""]",work,task_today,90,[],"{""slot_mode"":""typed_closed_list"",""subject_role"":""unspecified""}",false,我今天要发送文件。,我今日要寄份文件。,Replaces expanded phrase frame 107; old rows=40.,generated_candidate,migrated_from_controlled_frame_v1.0
FTPL-108,我明天会{work_action:work_action}。,我聽日會{work_action}。,"[""我明天会{work_action:work_action}。""]","[""我聽日會{work_action}。""]","[""work_action""]",work,task_tomorrow,90,[],"{""slot_mode"":""typed_closed_list"",""subject_role"":""unspecified""}",false,我明天会发送文件。,我聽日會寄份文件。,Replaces expanded phrase frame 108; old rows=40.,generated_candidate,migrated_from_controlled_frame_v1.0
FTPL-109,我还没有{work_action:work_action}。,我仲未{work_action}。,"[""我还没有{work_action:work_action}。""]","[""我仲未{work_action}。""]","[""work_action""]",work,task_not_yet,90,[],"{""slot_mode"":""typed_closed_list"",""subject_role"":""unspecified""}",false,我还没有发送文件。,我仲未寄份文件。,Replaces expanded phrase frame 109; old rows=40.,generated_candidate,migrated_from_controlled_frame_v1.0
FTPL-110,我已经{work_action:work_action}了。,我已經{work_action}咗。,"[""我已经{work_action:work_action}了。""]","[""我已經{work_action}咗。""]","[""work_action""]",work,task_done,90,[],"{""slot_mode"":""typed_closed_list"",""subject_role"":""unspecified""}",false,我已经发送文件了。,我已經寄份文件咗。,Replaces expanded phrase frame 110; old rows=40.,generated_candidate,migrated_from_controlled_frame_v1.0
FTPL-111,你可以帮我{work_action:work_action}吗？,你可唔可以幫我{work_action}呀？,"[""你可以帮我{work_action:work_action}吗？""]","[""你可唔可以幫我{work_action}呀？""]","[""work_action""]",work,task_help,90,[],"{""slot_mode"":""typed_closed_list"",""subject_role"":""unspecified""}",false,你可以帮我发送文件吗？,你可唔可以幫我寄份文件呀？,Replaces expanded phrase frame 111; old rows=40.,generated_candidate,migrated_from_controlled_frame_v1.0
FTPL-112,我们什么时候{work_action:work_action}？,我哋幾時{work_action}呀？,"[""我们什么时候{work_action:work_action}？""]","[""我哋幾時{work_action}呀？""]","[""work_action""]",work,task_when,90,[],"{""slot_mode"":""typed_closed_list"",""subject_role"":""unspecified""}",false,我们什么时候发送文件？,我哋幾時寄份文件呀？,Replaces expanded phrase frame 112; old rows=40.,generated_candidate,migrated_from_controlled_frame_v1.0
FTPL-113,为什么要{work_action:work_action}？,點解要{work_action}呀？,"[""为什么要{work_action:work_action}？""]","[""點解要{work_action}呀？""]","[""work_action""]",work,task_why,90,[],"{""slot_mode"":""typed_closed_list"",""subject_role"":""unspecified""}",false,为什么要发送文件？,點解要寄份文件呀？,Replaces expanded phrase frame 113; old rows=40.,generated_candidate,migrated_from_controlled_frame_v1.0
FTPL-114,{time:time}方便{work_action:work_action}吗？,{time}方唔方便{work_action}呀？,"[""{time:time}方便{work_action:work_action}吗？""]","[""{time}方唔方便{work_action}呀？""]","[""time"",""work_action""]",work,task_schedule,90,[],"{""slot_mode"":""typed_closed_list"",""subject_role"":""unspecified""}",false,今天方便发送文件吗？,今日方唔方便寄份文件呀？,Replaces expanded phrase frame 114; old rows=140.,generated_candidate,migrated_from_controlled_frame_v1.0
FTPL-115,请在{deadline_time:deadline_time}之前{work_action:work_action}。,唔該喺{deadline_time}之前{work_action}。,"[""请在{deadline_time:deadline_time}之前{work_action:work_action}。""]","[""唔該喺{deadline_time}之前{work_action}。""]","[""deadline_time"",""work_action""]",work,deadline_request,90,[],"{""slot_mode"":""typed_closed_list"",""subject_role"":""unspecified""}",false,请在今天之前发送文件。,唔該喺今日之前寄份文件。,Replaces expanded phrase frame 115; old rows=120.,generated_candidate,migrated_from_controlled_frame_v1.0
FTPL-116,{work_action:work_action}以后告诉我。,{work_action}之後話我知。,"[""{work_action:work_action}以后告诉我。""]","[""{work_action}之後話我知。""]","[""work_action""]",work,completion_notice,90,[],"{""slot_mode"":""typed_closed_list"",""subject_role"":""unspecified""}",false,发送文件以后告诉我。,寄份文件之後話我知。,Replaces expanded phrase frame 116; old rows=40.,generated_candidate,migrated_from_controlled_frame_v1.0
FTPL-117,我{body:body}痛。,我{body}痛。,"[""我{body:body}痛。""]","[""我{body}痛。""]","[""body""]",medical,pain,90,[],"{""slot_mode"":""typed_closed_list"",""subject_role"":""unspecified""}",true,我头痛。,我頭痛。,Replaces expanded phrase frame 117; old rows=10.,generated_candidate,migrated_from_controlled_frame_v1.0
FTPL-118,我的{body:body}不舒服。,我嘅{body}唔舒服。,"[""我的{body:body}不舒服。""]","[""我嘅{body}唔舒服。""]","[""body""]",medical,discomfort,90,[],"{""slot_mode"":""typed_closed_list"",""subject_role"":""unspecified""}",false,我的头不舒服。,我嘅頭唔舒服。,Replaces expanded phrase frame 118; old rows=25.,generated_candidate,migrated_from_controlled_frame_v1.0
FTPL-119,我的{body:body}受伤了。,我嘅{body}整親咗。,"[""我的{body:body}受伤了。""]","[""我嘅{body}整親咗。""]","[""body""]",medical,injury,90,[],"{""slot_mode"":""typed_closed_list"",""subject_role"":""unspecified""}",false,我的头受伤了。,我嘅頭整親咗。,Replaces expanded phrase frame 119; old rows=25.,generated_candidate,migrated_from_controlled_frame_v1.0
FTPL-120,我{symptom:symptom}。,我{symptom}。,"[""我{symptom:symptom}。""]","[""我{symptom}。""]","[""symptom""]",medical,symptom,90,[],"{""slot_mode"":""typed_closed_list"",""subject_role"":""unspecified""}",true,我头痛。,我頭痛。,Replaces expanded phrase frame 120; old rows=10.,generated_candidate,migrated_from_controlled_frame_v1.0
FTPL-121,我{duration_symptom:duration_symptom}{duration_simple:duration_simple}了。,我{duration_symptom}{duration_simple}喇。,"[""我{duration_symptom:duration_symptom}{duration_simple:duration_simple}了。""]","[""我{duration_symptom}{duration_simple}喇。""]","[""duration_symptom"",""duration_simple""]",medical,symptom_duration,90,[],"{""slot_mode"":""typed_closed_list"",""subject_role"":""unspecified""}",false,我头痛一天了。,我頭痛一天喇。,Replaces expanded phrase frame 121; old rows=90.,generated_candidate,migrated_from_controlled_frame_v1.0
FTPL-122,{severity_symptom:severity_symptom}严重吗？,{severity_symptom}嚴唔嚴重呀？,"[""{severity_symptom:severity_symptom}严重吗？""]","[""{severity_symptom}嚴唔嚴重呀？""]","[""severity_symptom""]",medical,severity,90,[],"{""slot_mode"":""typed_closed_list"",""subject_role"":""unspecified""}",false,头痛严重吗？,頭痛嚴唔嚴重呀？,Replaces expanded phrase frame 122; old rows=26.,generated_candidate,migrated_from_controlled_frame_v1.0
FTPL-123,我需要治疗{treatable_symptom:treatable_symptom}的药。,我想要醫{treatable_symptom}嘅藥。,"[""我需要治疗{treatable_symptom:treatable_symptom}的药。""]","[""我想要醫{treatable_symptom}嘅藥。""]","[""treatable_symptom""]",medical,medicine_request,90,[],"{""slot_mode"":""typed_closed_list"",""subject_role"":""unspecified""}",false,我需要治疗头痛的药。,我想要醫頭痛嘅藥。,Replaces expanded phrase frame 123; old rows=20.,generated_candidate,migrated_from_controlled_frame_v1.0
FTPL-124,这种{ingestible_medicine:ingestible_medicine}怎么吃？,呢種{ingestible_medicine}點食呀？,"[""这种{ingestible_medicine:ingestible_medicine}怎么吃？""]","[""呢種{ingestible_medicine}點食呀？""]","[""ingestible_medicine""]",medical,dosage,90,[],"{""slot_mode"":""typed_closed_list"",""subject_role"":""unspecified""}",false,这种止痛药怎么吃？,呢種止痛藥點食呀？,Replaces expanded phrase frame 124; old rows=9.,generated_candidate,migrated_from_controlled_frame_v1.0
FTPL-125,{ingestible_medicine:ingestible_medicine}一天吃几次？,{ingestible_medicine}一日食幾多次呀？,"[""{ingestible_medicine:ingestible_medicine}一天吃几次？""]","[""{ingestible_medicine}一日食幾多次呀？""]","[""ingestible_medicine""]",medical,frequency,90,[],"{""slot_mode"":""typed_closed_list"",""subject_role"":""unspecified""}",false,止痛药一天吃几次？,止痛藥一日食幾多次呀？,Replaces expanded phrase frame 125; old rows=9.,generated_candidate,migrated_from_controlled_frame_v1.0
FTPL-126,吃{ingestible_medicine:ingestible_medicine}会困吗？,食{ingestible_medicine}會唔會眼瞓呀？,"[""吃{ingestible_medicine:ingestible_medicine}会困吗？""]","[""食{ingestible_medicine}會唔會眼瞓呀？""]","[""ingestible_medicine""]",medical,side_effect,90,[],"{""slot_mode"":""typed_closed_list"",""subject_role"":""unspecified""}",false,吃止痛药会困吗？,食止痛藥會唔會眼瞓呀？,Replaces expanded phrase frame 126; old rows=9.,generated_candidate,migrated_from_controlled_frame_v1.0
FTPL-127,我对{ingestible_medicine:ingestible_medicine}过敏。,我對{ingestible_medicine}敏感。,"[""我对{ingestible_medicine:ingestible_medicine}过敏。""]","[""我對{ingestible_medicine}敏感。""]","[""ingestible_medicine""]",medical,drug_allergy,90,[],"{""slot_mode"":""typed_closed_list"",""subject_role"":""unspecified""}",false,我对止痛药过敏。,我對止痛藥敏感。,Replaces expanded phrase frame 127; old rows=9.,generated_candidate,migrated_from_controlled_frame_v1.0
FTPL-128,我可以同时吃{ingestible_medicine:ingestible_medicine}吗？,我可唔可以同時食{ingestible_medicine}呀？,"[""我可以同时吃{ingestible_medicine:ingestible_medicine}吗？""]","[""我可唔可以同時食{ingestible_medicine}呀？""]","[""ingestible_medicine""]",medical,drug_question,90,[],"{""slot_mode"":""typed_closed_list"",""subject_role"":""unspecified""}",false,我可以同时吃止痛药吗？,我可唔可以同時食止痛藥呀？,Replaces expanded phrase frame 128; old rows=9.,generated_candidate,migrated_from_controlled_frame_v1.0
FTPL-129,我没有带{ingestible_medicine:ingestible_medicine}。,我冇帶{ingestible_medicine}。,"[""我没有带{ingestible_medicine:ingestible_medicine}。""]","[""我冇帶{ingestible_medicine}。""]","[""ingestible_medicine""]",medical,missing_medicine,90,[],"{""slot_mode"":""typed_closed_list"",""subject_role"":""unspecified""}",false,我没有带止痛药。,我冇帶止痛藥。,Replaces expanded phrase frame 129; old rows=9.,generated_candidate,migrated_from_controlled_frame_v1.0
FTPL-130,请帮我买{ingestible_medicine:ingestible_medicine}。,唔該幫我買{ingestible_medicine}。,"[""请帮我买{ingestible_medicine:ingestible_medicine}。""]","[""唔該幫我買{ingestible_medicine}。""]","[""ingestible_medicine""]",medical,buy_medicine,90,[],"{""slot_mode"":""typed_closed_list"",""subject_role"":""unspecified""}",false,请帮我买止痛药。,唔該幫我買止痛藥。,Replaces expanded phrase frame 130; old rows=9.,generated_candidate,migrated_from_controlled_frame_v1.0
FTPL-131,附近哪里可以买到{ingestible_medicine:ingestible_medicine}？,附近邊度買到{ingestible_medicine}呀？,"[""附近哪里可以买到{ingestible_medicine:ingestible_medicine}？""]","[""附近邊度買到{ingestible_medicine}呀？""]","[""ingestible_medicine""]",medical,pharmacy,90,[],"{""slot_mode"":""typed_closed_list"",""subject_role"":""unspecified""}",false,附近哪里可以买到止痛药？,附近邊度買到止痛藥呀？,Replaces expanded phrase frame 131; old rows=9.,generated_candidate,migrated_from_controlled_frame_v1.0
FTPL-132,医生说我要休息{duration_simple:duration_simple}。,醫生話我要休息{duration_simple}。,"[""医生说我要休息{duration_simple:duration_simple}。""]","[""醫生話我要休息{duration_simple}。""]","[""duration_simple""]",medical,rest_duration,90,[],"{""slot_mode"":""typed_closed_list"",""subject_role"":""unspecified""}",false,医生说我要休息一天。,醫生話我要休息一天。,Replaces expanded phrase frame 132; old rows=10.,generated_candidate,migrated_from_controlled_frame_v1.0
FTPL-133,这个症状持续了{duration_simple:duration_simple}。,呢個症狀持續咗{duration_simple}。,"[""这个症状持续了{duration_simple:duration_simple}。""]","[""呢個症狀持續咗{duration_simple}。""]","[""duration_simple""]",medical,duration,90,[],"{""slot_mode"":""typed_closed_list"",""subject_role"":""unspecified""}",false,这个症状持续了一天。,呢個症狀持續咗一天。,Replaces expanded phrase frame 133; old rows=10.,generated_candidate,migrated_from_controlled_frame_v1.0
FTPL-134,我{past_time:past_time}吃过{ingestible_medicine:ingestible_medicine}。,我{past_time}食過{ingestible_medicine}。,"[""我{past_time:past_time}吃过{ingestible_medicine:ingestible_medicine}。""]","[""我{past_time}食過{ingestible_medicine}。""]","[""past_time"",""ingestible_medicine""]",medical,medicine_history,90,[],"{""slot_mode"":""typed_closed_list"",""subject_role"":""unspecified""}",false,我昨天吃过止痛药。,我尋日食過止痛藥。,Replaces expanded phrase frame 134; old rows=54.,generated_candidate,migrated_from_controlled_frame_v1.0
FTPL-135,{person:person}正在{daily_action:daily_action}。,{person}{daily_action}緊。,"[""{person:person}正在{daily_action:daily_action}。""]","[""{person}{daily_action}緊。""]","[""person"",""daily_action""]",daily,person_progressive,90,"[{""type"":""aspect_after_head"",""slot"":""daily_action"",""marker"":""緊""}]","{""slot_mode"":""typed_closed_list"",""subject_role"":""unspecified""}",false,我正在吃饭。,我食緊飯。,Replaces expanded phrase frame 135; old rows=130.,generated_candidate,migrated_from_controlled_frame_v1.0
FTPL-136,{person:person}已经{daily_action:daily_action}了。,{person}已經{daily_action}咗。,"[""{person:person}已经{daily_action:daily_action}了。""]","[""{person}已經{daily_action}咗。""]","[""person"",""daily_action""]",daily,person_completed,90,"[{""type"":""aspect_after_head"",""slot"":""daily_action"",""marker"":""咗""}]","{""slot_mode"":""typed_closed_list"",""subject_role"":""unspecified""}",false,我已经吃饭了。,我已經食咗飯。,Replaces expanded phrase frame 136; old rows=130.,generated_candidate,migrated_from_controlled_frame_v1.0
FTPL-137,{person:person}还没有{daily_action:daily_action}。,{person}仲未{daily_action}。,"[""{person:person}还没有{daily_action:daily_action}。""]","[""{person}仲未{daily_action}。""]","[""person"",""daily_action""]",daily,person_not_yet,90,[],"{""slot_mode"":""typed_closed_list"",""subject_role"":""unspecified""}",false,我还没有吃饭。,我仲未食飯。,Replaces expanded phrase frame 137; old rows=130.,generated_candidate,migrated_from_controlled_frame_v1.0
FTPL-138,{person:person}喜欢{daily_action:daily_action}。,{person}鍾意{daily_action}。,"[""{person:person}喜欢{daily_action:daily_action}。""]","[""{person}鍾意{daily_action}。""]","[""person"",""daily_action""]",daily,preference,90,[],"{""slot_mode"":""typed_closed_list"",""subject_role"":""unspecified""}",false,我喜欢吃饭。,我鍾意食飯。,Replaces expanded phrase frame 138; old rows=140.,generated_candidate,migrated_from_controlled_frame_v1.0
FTPL-139,{person:person}不喜欢{daily_action:daily_action}。,{person}唔鍾意{daily_action}。,"[""{person:person}不喜欢{daily_action:daily_action}。""]","[""{person}唔鍾意{daily_action}。""]","[""person"",""daily_action""]",daily,dislike,90,[],"{""slot_mode"":""typed_closed_list"",""subject_role"":""unspecified""}",false,我不喜欢吃饭。,我唔鍾意食飯。,Replaces expanded phrase frame 139; old rows=140.,generated_candidate,migrated_from_controlled_frame_v1.0
FTPL-140,你要不要和{leisure_person:leisure_person}一起{social_action:social_action}？,你要唔要同{leisure_person}一齊{social_action}呀？,"[""你要不要和{leisure_person:leisure_person}一起{social_action:social_action}？""]","[""你要唔要同{leisure_person}一齊{social_action}呀？""]","[""leisure_person"",""social_action""]",daily,invitation,90,[],"{""slot_mode"":""typed_closed_list"",""subject_role"":""unspecified""}",false,你要不要和同事一起吃饭？,你要唔要同同事一齊食飯呀？,Replaces expanded phrase frame 140; old rows=60.,generated_candidate,migrated_from_controlled_frame_v1.0
FTPL-141,{time:time}一起{daily_action:daily_action}好吗？,{time}一齊{daily_action}好唔好呀？,"[""{time:time}一起{daily_action:daily_action}好吗？""]","[""{time}一齊{daily_action}好唔好呀？""]","[""time"",""daily_action""]",daily,plan,90,[],"{""slot_mode"":""typed_closed_list"",""subject_role"":""unspecified""}",false,今天一起吃饭好吗？,今日一齊食飯好唔好呀？,Replaces expanded phrase frame 141; old rows=140.,generated_candidate,migrated_from_controlled_frame_v1.0
FTPL-142,我想和{person_social:person_social}在{place_local:place_local}见面。,我想同{person_social}喺{place_local}見面。,"[""我想和{person_social:person_social}在{place_local:place_local}见面。""]","[""我想同{person_social}喺{place_local}見面。""]","[""person_social"",""place_local""]",daily,meet,90,[],"{""slot_mode"":""typed_closed_list"",""subject_role"":""unspecified""}",false,我想和他在酒店见面。,我想同佢喺酒店見面。,Replaces expanded phrase frame 142; old rows=120.,generated_candidate,migrated_from_controlled_frame_v1.0
FTPL-143,{person_social:person_social}在{place_local:place_local}等我。,{person_social}喺{place_local}等我。,"[""{person_social:person_social}在{place_local:place_local}等我。""]","[""{person_social}喺{place_local}等我。""]","[""person_social"",""place_local""]",daily,waiting,90,[],"{""slot_mode"":""typed_closed_list"",""subject_role"":""unspecified""}",false,他在酒店等我。,佢喺酒店等我。,Replaces expanded phrase frame 143; old rows=120.,generated_candidate,migrated_from_controlled_frame_v1.0
FTPL-144,我把{storage_item:storage_item}放在{place_local:place_local}了。,我將{storage_item}放咗喺{place_local}。,"[""我把{storage_item:storage_item}放在{place_local:place_local}了。""]","[""我將{storage_item}放咗喺{place_local}。""]","[""storage_item"",""place_local""]",daily,item_placed,90,[],"{""slot_mode"":""typed_closed_list"",""subject_role"":""unspecified""}",false,我把手机放在酒店了。,我將手機放咗喺酒店。,Replaces expanded phrase frame 144; old rows=140.,generated_candidate,migrated_from_controlled_frame_v1.0
FTPL-145,请把{storage_item:storage_item}拿到{place_local:place_local}。,唔該將{storage_item}攞去{place_local}。,"[""请把{storage_item:storage_item}拿到{place_local:place_local}。""]","[""唔該將{storage_item}攞去{place_local}。""]","[""storage_item"",""place_local""]",daily,move_item,90,[],"{""slot_mode"":""typed_closed_list"",""subject_role"":""unspecified""}",false,请把手机拿到酒店。,唔該將手機攞去酒店。,Replaces expanded phrase frame 145; old rows=140.,generated_candidate,migrated_from_controlled_frame_v1.0
FTPL-146,我忘了带{item:item}。,我唔記得帶{item}。,"[""我忘了带{item:item}。""]","[""我唔記得帶{item}。""]","[""item""]",daily,forgot_item,90,[],"{""slot_mode"":""typed_closed_list"",""subject_role"":""unspecified""}",false,我忘了带手机。,我唔記得帶手機。,Replaces expanded phrase frame 146; old rows=50.,generated_candidate,migrated_from_controlled_frame_v1.0
FTPL-147,你有没有看到我的{item:item}？,你有冇見到我嘅{item}呀？,"[""你有没有看到我的{item:item}？""]","[""你有冇見到我嘅{item}呀？""]","[""item""]",daily,find_item,90,[],"{""slot_mode"":""typed_closed_list"",""subject_role"":""unspecified""}",false,你有没有看到我的手机？,你有冇見到我嘅手機呀？,Replaces expanded phrase frame 147; old rows=50.,generated_candidate,migrated_from_controlled_frame_v1.0
FTPL-148,这个{item:item}是谁的？,呢個{item}係邊個㗎？,"[""这个{item:item}是谁的？""]","[""呢個{item}係邊個㗎？""]","[""item""]",daily,ownership_question,90,[],"{""slot_mode"":""typed_closed_list"",""subject_role"":""unspecified""}",false,这个手机是谁的？,呢個手機係邊個㗎？,Replaces expanded phrase frame 148; old rows=50.,generated_candidate,migrated_from_controlled_frame_v1.0
FTPL-149,{item:item}坏了。,{item}壞咗。,"[""{item:item}坏了。""]","[""{item}壞咗。""]","[""item""]",daily,broken_item,90,[],"{""slot_mode"":""typed_closed_list"",""subject_role"":""unspecified""}",false,手机坏了。,手機壞咗。,Replaces expanded phrase frame 149; old rows=49.,generated_candidate,migrated_from_controlled_frame_v1.0
FTPL-150,{battery_item:battery_item}没有电了。,{battery_item}冇電喇。,"[""{battery_item:battery_item}没有电了。""]","[""{battery_item}冇電喇。""]","[""battery_item""]",daily,battery_empty,90,[],"{""slot_mode"":""typed_closed_list"",""subject_role"":""unspecified""}",false,手机没有电了。,手機冇電喇。,Replaces expanded phrase frame 150; old rows=7.,generated_candidate,migrated_from_controlled_frame_v1.0
FTPL-151,我需要给{battery_item:battery_item}充电。,我要幫{battery_item}叉電。,"[""我需要给{battery_item:battery_item}充电。""]","[""我要幫{battery_item}叉電。""]","[""battery_item""]",daily,charge_item,90,[],"{""slot_mode"":""typed_closed_list"",""subject_role"":""unspecified""}",false,我需要给手机充电。,我要幫手機叉電。,Replaces expanded phrase frame 151; old rows=7.,generated_candidate,migrated_from_controlled_frame_v1.0
FTPL-152,请帮我修一下{item:item}。,唔該幫我整下{item}。,"[""请帮我修一下{item:item}。""]","[""唔該幫我整下{item}。""]","[""item""]",daily,repair_item,90,[],"{""slot_mode"":""typed_closed_list"",""subject_role"":""unspecified""}",false,请帮我修一下手机。,唔該幫我整下手機。,Replaces expanded phrase frame 152; old rows=50.,generated_candidate,migrated_from_controlled_frame_v1.0
CTPL-001,{person:person}想{vp:VP}。,{person}想{vp}。,"[""{person:person}想{vp:VP}。"",""{time:generic_time_prefix}{person:person}想{vp:VP}。""]","[""{person}想{vp}。"",""{time}{person}想{vp}。""]","[""person"",""VP"",""generic_time_prefix""]",general,want,84,[],"{""optional_slots"":[""generic_time_prefix""],""time_prefix_position"":""sentence_initial""}",true,我想去机场。,我想去機場。,Compact replacement for earlier subject × time template expansion.,generated_candidate,compact_compositional_template_v1.2
CTPL-002,{person:person}不想{vp:VP}。,{person}唔想{vp}。,"[""{person:person}不想{vp:VP}。"",""{time:generic_time_prefix}{person:person}不想{vp:VP}。""]","[""{person}唔想{vp}。"",""{time}{person}唔想{vp}。""]","[""person"",""VP"",""generic_time_prefix""]",general,not_want,84,[],"{""optional_slots"":[""generic_time_prefix""],""time_prefix_position"":""sentence_initial""}",false,我不想去机场。,我唔想去機場。,Compact replacement for earlier subject × time template expansion.,generated_candidate,compact_compositional_template_v1.2
CTPL-003,{person:person}要{vp:VP}。,{person}要{vp}。,"[""{person:person}要{vp:VP}。"",""{time:generic_time_prefix}{person:person}要{vp:VP}。""]","[""{person}要{vp}。"",""{time}{person}要{vp}。""]","[""person"",""VP"",""generic_time_prefix""]",general,need_action,84,[],"{""optional_slots"":[""generic_time_prefix""],""time_prefix_position"":""sentence_initial""}",true,我要去机场。,我要去機場。,Compact replacement for earlier subject × time template expansion.,generated_candidate,compact_compositional_template_v1.2
CTPL-004,{person:person}需要{np:NP}。,{person}需要{np}。,"[""{person:person}需要{np:NP}。"",""{time:generic_time_prefix}{person:person}需要{np:NP}。""]","[""{person}需要{np}。"",""{time}{person}需要{np}。""]","[""person"",""NP"",""generic_time_prefix""]",general,need_item,84,[],"{""optional_slots"":[""generic_time_prefix""],""time_prefix_position"":""sentence_initial""}",true,我需要这个文件。,我需要呢份文件。,Compact replacement for earlier subject × time template expansion.,generated_candidate,compact_compositional_template_v1.2
CTPL-005,{person:person}没有{np:NP}。,{person}冇{np}。,"[""{person:person}没有{np:NP}。"",""{time:generic_time_prefix}{person:person}没有{np:NP}。""]","[""{person}冇{np}。"",""{time}{person}冇{np}。""]","[""person"",""NP"",""generic_time_prefix""]",general,absence,84,[],"{""optional_slots"":[""generic_time_prefix""],""time_prefix_position"":""sentence_initial""}",false,我没有这个文件。,我冇呢份文件。,Compact replacement for earlier subject × time template expansion.,generated_candidate,compact_compositional_template_v1.2
CTPL-006,{person:person}还没有{vp:VP}。,{person}仲未{vp}。,"[""{person:person}还没有{vp:VP}。"",""{time:generic_time_prefix}{person:person}还没有{vp:VP}。""]","[""{person}仲未{vp}。"",""{time}{person}仲未{vp}。""]","[""person"",""VP"",""generic_time_prefix""]",general,not_yet,84,[],"{""optional_slots"":[""generic_time_prefix""],""time_prefix_position"":""sentence_initial""}",false,我还没有去机场。,我仲未去機場。,Compact replacement for earlier subject × time template expansion.,generated_candidate,compact_compositional_template_v1.2
CTPL-007,{person:person}已经{vp:VP}了。,{person}已經{vp|perfective}。,"[""{person:person}已经{vp:VP}了。"",""{time:generic_time_prefix}{person:person}已经{vp:VP}了。""]","[""{person}已經{vp|perfective}。"",""{time}{person}已經{vp|perfective}。""]","[""person"",""VP"",""generic_time_prefix""]",general,completed,84,"[{""type"":""aspect_after_head"",""slot"":""vp"",""marker"":""咗""}]","{""optional_slots"":[""generic_time_prefix""],""time_prefix_position"":""sentence_initial""}",false,我已经去机场了。,我已經去咗機場。,Compact replacement for earlier subject × time template expansion.,generated_candidate,compact_compositional_template_v1.2
CTPL-008,{person:person}正在{vp:VP}。,{person}{vp|progressive}。,"[""{person:person}正在{vp:VP}。"",""{time:generic_time_prefix}{person:person}正在{vp:VP}。""]","[""{person}{vp|progressive}。"",""{time}{person}{vp|progressive}。""]","[""person"",""VP"",""generic_time_prefix""]",general,progressive,84,"[{""type"":""aspect_after_head"",""slot"":""vp"",""marker"":""緊""}]","{""optional_slots"":[""generic_time_prefix""],""time_prefix_position"":""sentence_initial""}",false,我正在去机场。,我去緊機場。,Compact replacement for earlier subject × time template expansion.,generated_candidate,compact_compositional_template_v1.2
CTPL-009,{person:person}会{vp:VP}。,{person}會{vp}。,"[""{person:person}会{vp:VP}。"",""{time:generic_time_prefix}{person:person}会{vp:VP}。""]","[""{person}會{vp}。"",""{time}{person}會{vp}。""]","[""person"",""VP"",""generic_time_prefix""]",general,future,84,[],"{""optional_slots"":[""generic_time_prefix""],""time_prefix_position"":""sentence_initial""}",false,我会去机场。,我會去機場。,Compact replacement for earlier subject × time template expansion.,generated_candidate,compact_compositional_template_v1.2
CTPL-010,{person:person}不会{vp:VP}。,{person}唔會{vp}。,"[""{person:person}不会{vp:VP}。"",""{time:generic_time_prefix}{person:person}不会{vp:VP}。""]","[""{person}唔會{vp}。"",""{time}{person}唔會{vp}。""]","[""person"",""VP"",""generic_time_prefix""]",general,future_negative,84,[],"{""optional_slots"":[""generic_time_prefix""],""time_prefix_position"":""sentence_initial""}",false,我不会去机场。,我唔會去機場。,Compact replacement for earlier subject × time template expansion.,generated_candidate,compact_compositional_template_v1.2
CTPL-011,{person:person}可以{vp:VP}吗？,{person}可唔可以{vp}呀？,"[""{person:person}可以{vp:VP}吗？"",""{time:generic_time_prefix}{person:person}可以{vp:VP}吗？""]","[""{person}可唔可以{vp}呀？"",""{time}{person}可唔可以{vp}呀？""]","[""person"",""VP"",""generic_time_prefix""]",general,permission,84,[],"{""optional_slots"":[""generic_time_prefix""],""time_prefix_position"":""sentence_initial""}",false,我可以去机场吗？,我可唔可以去機場呀？,Compact replacement for earlier subject × time template expansion.,generated_candidate,compact_compositional_template_v1.2
CTPL-012,{person:person}能不能{vp:VP}？,{person}可唔可以{vp}呀？,"[""{person:person}能不能{vp:VP}？"",""{time:generic_time_prefix}{person:person}能不能{vp:VP}？""]","[""{person}可唔可以{vp}呀？"",""{time}{person}可唔可以{vp}呀？""]","[""person"",""VP"",""generic_time_prefix""]",general,ability_question,84,[],"{""optional_slots"":[""generic_time_prefix""],""time_prefix_position"":""sentence_initial""}",false,我能不能去机场？,我可唔可以去機場呀？,Compact replacement for earlier subject × time template expansion.,generated_candidate,compact_compositional_template_v1.2
CTPL-013,{person:person}为什么{vp:VP}？,{person}點解{vp}呀？,"[""{person:person}为什么{vp:VP}？"",""{time:generic_time_prefix}{person:person}为什么{vp:VP}？""]","[""{person}點解{vp}呀？"",""{time}{person}點解{vp}呀？""]","[""person"",""VP"",""generic_time_prefix""]",general,why,84,[],"{""optional_slots"":[""generic_time_prefix""],""time_prefix_position"":""sentence_initial""}",false,我为什么去机场？,我點解去機場呀？,Compact replacement for earlier subject × time template expansion.,generated_candidate,compact_compositional_template_v1.2
CTPL-014,{person:person}什么时候{vp:VP}？,{person}幾時{vp}呀？,"[""{person:person}什么时候{vp:VP}？"",""{time:generic_time_prefix}{person:person}什么时候{vp:VP}？""]","[""{person}幾時{vp}呀？"",""{time}{person}幾時{vp}呀？""]","[""person"",""VP"",""generic_time_prefix""]",general,when,84,[],"{""optional_slots"":[""generic_time_prefix""],""time_prefix_position"":""sentence_initial""}",false,我什么时候去机场？,我幾時去機場呀？,Compact replacement for earlier subject × time template expansion.,generated_candidate,compact_compositional_template_v1.2
CTPL-015,{person:person}在哪里{vp:VP}？,{person}喺邊度{vp}呀？,"[""{person:person}在哪里{vp:VP}？"",""{time:generic_time_prefix}{person:person}在哪里{vp:VP}？""]","[""{person}喺邊度{vp}呀？"",""{time}{person}喺邊度{vp}呀？""]","[""person"",""VP"",""generic_time_prefix""]",general,where_action,84,[],"{""optional_slots"":[""generic_time_prefix""],""time_prefix_position"":""sentence_initial""}",false,我在哪里去机场？,我喺邊度去機場呀？,Compact replacement for earlier subject × time template expansion.,generated_candidate,compact_compositional_template_v1.2
CTPL-016,{person:person}怎么{vp:VP}？,{person}點樣{vp}呀？,"[""{person:person}怎么{vp:VP}？"",""{time:generic_time_prefix}{person:person}怎么{vp:VP}？""]","[""{person}點樣{vp}呀？"",""{time}{person}點樣{vp}呀？""]","[""person"",""VP"",""generic_time_prefix""]",general,how,84,[],"{""optional_slots"":[""generic_time_prefix""],""time_prefix_position"":""sentence_initial""}",false,我怎么去机场？,我點樣去機場呀？,Compact replacement for earlier subject × time template expansion.,generated_candidate,compact_compositional_template_v1.2
CTPL-017,{person:person}喜欢{np:NP}。,{person}鍾意{np}。,"[""{person:person}喜欢{np:NP}。"",""{time:generic_time_prefix}{person:person}喜欢{np:NP}。""]","[""{person}鍾意{np}。"",""{time}{person}鍾意{np}。""]","[""person"",""NP"",""generic_time_prefix""]",general,like,84,[],"{""optional_slots"":[""generic_time_prefix""],""time_prefix_position"":""sentence_initial""}",false,我喜欢这个文件。,我鍾意呢份文件。,Compact replacement for earlier subject × time template expansion.,generated_candidate,compact_compositional_template_v1.2
CTPL-018,{person:person}不喜欢{np:NP}。,{person}唔鍾意{np}。,"[""{person:person}不喜欢{np:NP}。"",""{time:generic_time_prefix}{person:person}不喜欢{np:NP}。""]","[""{person}唔鍾意{np}。"",""{time}{person}唔鍾意{np}。""]","[""person"",""NP"",""generic_time_prefix""]",general,dislike,84,[],"{""optional_slots"":[""generic_time_prefix""],""time_prefix_position"":""sentence_initial""}",false,我不喜欢这个文件。,我唔鍾意呢份文件。,Compact replacement for earlier subject × time template expansion.,generated_candidate,compact_compositional_template_v1.2
CTPL-019,请给{person:person}{np:NP}。,唔該畀{np}{person}。,"[""请给{person:person}{np:NP}。"",""{time:generic_time_prefix}请给{person:person}{np:NP}。""]","[""唔該畀{np}{person}。"",""{time}唔該畀{np}{person}。""]","[""person"",""NP"",""generic_time_prefix""]",general,give_request,84,[],"{""optional_slots"":[""generic_time_prefix""],""time_prefix_position"":""sentence_initial""}",false,请给我这个文件。,唔該畀呢份文件我。,Compact replacement for earlier subject × time template expansion.,generated_candidate,compact_compositional_template_v1.2
CTPL-020,请帮{person:person}{vp:VP}。,唔該幫{person}{vp}。,"[""请帮{person:person}{vp:VP}。"",""{time:generic_time_prefix}请帮{person:person}{vp:VP}。""]","[""唔該幫{person}{vp}。"",""{time}唔該幫{person}{vp}。""]","[""person"",""VP"",""generic_time_prefix""]",general,help_request,84,[],"{""optional_slots"":[""generic_time_prefix""],""time_prefix_position"":""sentence_initial""}",false,请帮我去机场。,唔該幫我去機場。,Compact replacement for earlier subject × time template expansion.,generated_candidate,compact_compositional_template_v1.2
CTPL-021,{person:person}找不到{np:NP}。,{person}搵唔到{np}。,"[""{person:person}找不到{np:NP}。"",""{time:generic_time_prefix}{person:person}找不到{np:NP}。""]","[""{person}搵唔到{np}。"",""{time}{person}搵唔到{np}。""]","[""person"",""NP"",""generic_time_prefix""]",general,cannot_find,84,[],"{""optional_slots"":[""generic_time_prefix""],""time_prefix_position"":""sentence_initial""}",false,我找不到这个文件。,我搵唔到呢份文件。,Compact replacement for earlier subject × time template expansion.,generated_candidate,compact_compositional_template_v1.2
CTPL-022,{person:person}看不懂{np:NP}。,{person}睇唔明{np}。,"[""{person:person}看不懂{np:NP}。"",""{time:generic_time_prefix}{person:person}看不懂{np:NP}。""]","[""{person}睇唔明{np}。"",""{time}{person}睇唔明{np}。""]","[""person"",""NP"",""generic_time_prefix""]",general,cannot_understand,84,[],"{""optional_slots"":[""generic_time_prefix""],""time_prefix_position"":""sentence_initial""}",false,我看不懂这个文件。,我睇唔明呢份文件。,Compact replacement for earlier subject × time template expansion.,generated_candidate,compact_compositional_template_v1.2
CTPL-023,{person:person}听不懂{np:NP}。,{person}聽唔明{np}。,"[""{person:person}听不懂{np:NP}。"",""{time:generic_time_prefix}{person:person}听不懂{np:NP}。""]","[""{person}聽唔明{np}。"",""{time}{person}聽唔明{np}。""]","[""person"",""NP"",""generic_time_prefix""]",general,cannot_hear_understand,84,[],"{""optional_slots"":[""generic_time_prefix""],""time_prefix_position"":""sentence_initial""}",false,我听不懂这个文件。,我聽唔明呢份文件。,Compact replacement for earlier subject × time template expansion.,generated_candidate,compact_compositional_template_v1.2
CTPL-024,{person:person}忘了{vp:VP}。,{person}唔記得{vp}。,"[""{person:person}忘了{vp:VP}。"",""{time:generic_time_prefix}{person:person}忘了{vp:VP}。""]","[""{person}唔記得{vp}。"",""{time}{person}唔記得{vp}。""]","[""person"",""VP"",""generic_time_prefix""]",general,forgot,84,[],"{""optional_slots"":[""generic_time_prefix""],""time_prefix_position"":""sentence_initial""}",false,我忘了去机场。,我唔記得去機場。,Compact replacement for earlier subject × time template expansion.,generated_candidate,compact_compositional_template_v1.2
CTPL-025,{person:person}记得{vp:VP}吗？,{person}記唔記得{vp}呀？,"[""{person:person}记得{vp:VP}吗？"",""{time:generic_time_prefix}{person:person}记得{vp:VP}吗？""]","[""{person}記唔記得{vp}呀？"",""{time}{person}記唔記得{vp}呀？""]","[""person"",""VP"",""generic_time_prefix""]",general,remember_question,84,[],"{""optional_slots"":[""generic_time_prefix""],""time_prefix_position"":""sentence_initial""}",false,我记得去机场吗？,我記唔記得去機場呀？,Compact replacement for earlier subject × time template expansion.,generated_candidate,compact_compositional_template_v1.2
CTPL-026,{person:person}觉得{np:NP}怎么样？,{person}覺得{np}點呀？,"[""{person:person}觉得{np:NP}怎么样？"",""{time:generic_time_prefix}{person:person}觉得{np:NP}怎么样？""]","[""{person}覺得{np}點呀？"",""{time}{person}覺得{np}點呀？""]","[""person"",""NP"",""generic_time_prefix""]",general,opinion,84,[],"{""optional_slots"":[""generic_time_prefix""],""time_prefix_position"":""sentence_initial""}",false,我觉得这个文件怎么样？,我覺得呢份文件點呀？,Compact replacement for earlier subject × time template expansion.,generated_candidate,compact_compositional_template_v1.2
CTPL-027,{person:person}对{np:NP}有兴趣。,{person}對{np}有興趣。,"[""{person:person}对{np:NP}有兴趣。"",""{time:generic_time_prefix}{person:person}对{np:NP}有兴趣。""]","[""{person}對{np}有興趣。"",""{time}{person}對{np}有興趣。""]","[""person"",""NP"",""generic_time_prefix""]",general,interest,84,[],"{""optional_slots"":[""generic_time_prefix""],""time_prefix_position"":""sentence_initial""}",false,我对这个文件有兴趣。,我對呢份文件有興趣。,Compact replacement for earlier subject × time template expansion.,generated_candidate,compact_compositional_template_v1.2
CTPL-028,{person:person}对{np:NP}没有兴趣。,{person}對{np}冇興趣。,"[""{person:person}对{np:NP}没有兴趣。"",""{time:generic_time_prefix}{person:person}对{np:NP}没有兴趣。""]","[""{person}對{np}冇興趣。"",""{time}{person}對{np}冇興趣。""]","[""person"",""NP"",""generic_time_prefix""]",general,no_interest,84,[],"{""optional_slots"":[""generic_time_prefix""],""time_prefix_position"":""sentence_initial""}",false,我对这个文件没有兴趣。,我對呢份文件冇興趣。,Compact replacement for earlier subject × time template expansion.,generated_candidate,compact_compositional_template_v1.2
CTPL-029,{person:person}把{np:NP}放在哪里了？,{person}將{np}放咗喺邊度呀？,"[""{person:person}把{np:NP}放在哪里了？"",""{time:generic_time_prefix}{person:person}把{np:NP}放在哪里了？""]","[""{person}將{np}放咗喺邊度呀？"",""{time}{person}將{np}放咗喺邊度呀？""]","[""person"",""NP"",""generic_time_prefix""]",general,placed_where,84,[],"{""optional_slots"":[""generic_time_prefix""],""time_prefix_position"":""sentence_initial""}",false,我把这个文件放在哪里了？,我將呢份文件放咗喺邊度呀？,Compact replacement for earlier subject × time template expansion.,generated_candidate,compact_compositional_template_v1.2
CTPL-030,{person:person}可以把{np:NP}带走吗？,{person}可唔可以將{np}拎走呀？,"[""{person:person}可以把{np:NP}带走吗？"",""{time:generic_time_prefix}{person:person}可以把{np:NP}带走吗？""]","[""{person}可唔可以將{np}拎走呀？"",""{time}{person}可唔可以將{np}拎走呀？""]","[""person"",""NP"",""generic_time_prefix""]",general,take_away,84,[],"{""optional_slots"":[""generic_time_prefix""],""time_prefix_position"":""sentence_initial""}",false,我可以把这个文件带走吗？,我可唔可以將呢份文件拎走呀？,Compact replacement for earlier subject × time template expansion.,generated_candidate,compact_compositional_template_v1.2
